freq,unit,category,sex,geo\TIME_PERIOD	1994 	1995 	1996 	1997 	1998 	1999 	2000 	2001 	2002 	2003 	2004 	2005 	2006 	2007 	2008 	2009 	2010 	2011 	2012 	2013 	2014 	2015 	2016 	2017 	2018 	2019 	2020 	2021 	2022 	2023 	2024 
A,RT_UNE,HRSTU,F,AT	: 	: u	: u	1.1 u	: bu	: u	1.1 u	1.1 u	1.1 u	1.3 u	1.4 b	1.5 b	1.6 b	1.5 b	1.0 	1.6 	1.4 	1.5 b	1.4 	2.1 	2.8 b	2.6 	2.4 	2.3 	2.3 	2.4 	2.7 	2.9 b	2.3 	2.7 	2.6 
A,RT_UNE,HRSTU,F,BA	: 	: 	: 	: 	: 	: 	: 	: 	: 	: 	: 	: 	: 	: 	: 	: 	: 	: 	: 	: 	: 	: 	: 	: 	: 	: 	: 	11.8 b	10.4 	8.7 	7.7 
A,RT_UNE,HRSTU,F,BE	4.2 	3.8 	4.2 	3.9 	3.9 b	3.8 b	2.6 	2.9 b	3.0 	3.0 	3.2 	3.8 b	4.1 	3.3 	3.1 b	3.9 	4.0 	3.3 b	3.4 	4.5 	4.1 b	3.8 	3.9 	4.2 b	3.0 	2.7 	3.0 	3.2 b	2.7 	2.6 	2.7 
A,RT_UNE,HRSTU,F,BG	: 	: 	: 	: 	: 	: 	4.9 	7.3 b	7.1 	6.1 b	5.2 	3.6 b	3.6 b	2.1 	2.2 b	2.6 	4.0 b	4.3 b	4.9 	5.6 	4.3 b	3.5 	2.9 	2.6 	2.0 	1.7 b	2.1 	1.7 b	1.2 	1.8 	1.4 b
A,RT_UNE,HRSTU,F,CH	: 	: 	0.7 u	2.2 	1.9 b	1.3 u	0.7 u	1.2 u	1.1 	1.4 	1.5 	1.8 b	1.5 	1.5 	1.3 	1.9 	2.0 b	2.3 b	2.2 	2.5 	2.4 b	2.5 	2.4 	3.2 	3.0 	2.8 	3.0 	2.8 b	2.5 	2.8 	3.1 
A,RT_UNE,HRSTU,F,CY	: 	: 	: 	: 	: 	: 	3.1 u	3.4 	2.6 	3.9 	3.4 	5.0 b	4.8 	3.8 	3.0 	4.8 b	6.0 	6.9 b	10.5 	13.4 	13.1 b	12.9 	10.9 	10.0 	7.5 	6.6 	6.1 	6.0 b	5.8 	5.2 	4.2 
A,RT_UNE,HRSTU,F,CZ	: 	: 	: 	: 	0.7 b	1.1 	1.2 	1.0 	0.6 	0.8 b	0.7 	0.9 b	1.0 	0.6 	0.7 	0.9 	1.2 b	1.7 b	1.9 	2.0 	2.0 b	1.7 	1.4 	1.1 	0.9 	0.7 	1.1 	1.0 b	0.7 	1.1 	1.0 
A,RT_UNE,HRSTU,F,DE	2.6 	2.8 	2.6 b	3.1 	: 	2.6 	2.3 	2.2 	2.1 	2.6 	2.8 	3.1 b	2.6 b	2.3 	2.0 	2.0 	1.7 b	1.5 b	1.5 b	1.5 	1.4 b	1.3 	1.2 	1.0 	1.0 	1.0 	1.5 b	1.4 b	1.3 	1.3 	1.7 
A,RT_UNE,HRSTU,F,DK	4.0 	4.2 	3.5 	2.6 	2.6 b	2.5 	1.7 	2.4 	2.5 	3.8 b	2.8 	2.8 b	2.8 	2.1 b	1.5 b	2.4 	3.1 	3.8 b	3.7 	3.4 	3.7 b	3.8 	3.6 b	3.4 b	3.5 	3.3 	3.8 	3.0 b	2.8 	3.1 b	4.1 
A,RT_UNE,HRSTU,F,EA21	: 	: 	: 	: 	: 	: 	: 	: 	4.0 	4.1 	4.2 	4.2 b	3.8 	3.4 	3.3 	4.1 	4.5 	4.8 b	5.5 	6.0 	5.8 b	5.5 	5.0 	4.5 	4.1 	3.9 	4.3 	4.1 b	3.6 	3.6 	3.5 
A,RT_UNE,HRSTU,F,EE	: 	: 	: 	6.2 	4.1 b	5.0 	: bu	5.8 u	3.7 u	4.5 u	5.5 u	3.1 b	2.6 	1.8 	2.3 	4.8 	6.5 	7.1 b	5.2 	4.9 	4.0 b	3.7 	3.2 	2.6 	2.8 	2.4 	4.0 	2.6 b	2.8 	3.3 	4.5 
A,RT_UNE,HRSTU,F,EL	7.1 	7.7 	7.9 	7.7 	9.0 b	10.4 	9.7 	9.1 b	8.8 	7.9 	9.9 b	9.8 b	8.7 	8.5 	7.1 	8.5 b	11.3 	15.6 b	19.6 	21.9 	20.8 b	21.3 	20.4 	18.6 	16.9 	14.5 	13.5 	12.4 b	9.8 	8.9 	7.6 
A,RT_UNE,HRSTU,F,ES	22.0 b	21.5 	20.3 	18.8 	19.1 b	16.2 	13.6 	9.6 b	10.8 	9.4 	9.5 	7.2 b	6.7 b	5.7 	6.7 	9.4 	11.0 	12.6 b	15.2 	16.4 	15.3 b	14.0 	12.4 	10.8 	9.5 	9.1 	10.8 	9.8 bd	8.4 d	8.0 d	7.3 d
A,RT_UNE,HRSTU,F,EU27_2020	: 	: 	: 	: 	: 	: 	: 	: 	3.7 	3.8 	4.0 	4.0 b	3.6 	3.2 	3.1 	3.8 	4.3 	4.6 b	5.1 	5.6 	5.4 b	5.0 	4.5 	4.0 	3.7 	3.4 	3.9 	3.7 b	3.2 	3.2 	3.2 
A,RT_UNE,HRSTU,F,FI	: 	6.9 	6.7 	3.5 	5.1 b	4.2 	4.3 b	3.3 	3.3 	3.2 	4.3 	3.8 b	3.2 	3.1 b	2.9 b	3.3 	3.5 	3.1 b	2.9 	3.4 	3.9 b	4.8 	4.9 	4.5 	3.6 	3.2 	3.9 	3.6 b	3.0 	3.0 	3.6 
A,RT_UNE,HRSTU,F,FR	5.3 	5.7 	5.9 	5.8 	6.2 b	6.0 	4.7 	4.2 	4.2 	4.5 b	5.0 	4.7 b	4.3 b	4.0 	3.5 	4.2 	4.1 	4.1 b	4.2 	4.7 b	5.1 b	4.9 	4.7 	4.4 	4.5 	4.1 	4.3 	4.3 bd	3.9 d	4.1 d	4.1 d
A,RT_UNE,HRSTU,F,HR	: 	: 	: 	: 	: 	: 	: 	: 	7.0 u	6.2 bu	5.6 u	4.7 bu	5.0 bu	5.3 	4.1 	5.2 	6.7 b	7.4 b	8.4 b	8.9 	7.9 b	7.3 	6.5 	5.5 	5.2 	4.7 	4.6 	4.0 b	4.3 	3.6 	2.6 
A,RT_UNE,HRSTU,F,HU	: 	: 	: 	1.0 	0.9 b	0.5 u	0.6 u	0.7 bu	1.2 	0.8 	1.7 	1.9 b	1.6 	2.0 	2.0 	2.7 	2.9 	3.0 b	3.3 	3.0 	2.4 b	1.8 	1.3 	1.3 	1.2 b	1.2 	1.5 	1.4 b	1.1 	1.2 	1.2 
A,RT_UNE,HRSTU,F,IE	5.8 	4.3 	4.5 	4.1 	: 	1.8 	1.5 u	1.4 u	1.4 	2.0 	1.9 	2.0 b	2.1 	2.5 b	3.3 	6.1 	6.8 	6.9 b	6.9 	6.7 	6.2 b	5.1 	4.3 	3.6 b	3.4 	2.8 	3.7 	3.6 b	2.8 	2.7 	2.8 
A,RT_UNE,HRSTU,F,IS	: 	: 	: 	: 	: 	: u	: u	: u	: u	: bu	: u	: bu	: u	: u	: u	2.1 	1.9 	2.6 b	1.6 	2.8 	3.1 b	2.3 	1.4 	1.2 	1.3 	1.8 	2.7 b	3.2 b	1.9 	1.1 	1.4 
A,RT_UNE,HRSTU,F,IT	3.6 	4.5 	3.9 	4.1 	4.3 b	4.4 	3.6 	3.4 	3.5 	3.5 	3.0 b	3.8 b	3.2 	2.8 	3.1 	3.7 	3.9 	3.8 b	4.7 	5.5 	5.9 b	5.6 	5.4 	5.2 	4.9 b	4.6 	4.4 	4.1 b	3.5 	3.2 	2.9 
A,RT_UNE,HRSTU,F,LT	: 	: 	: 	: 	7.1 b	8.9 	7.8 b	4.2 	5.2 bu	4.5 u	4.9 u	3.0 bu	: u	1.7 u	2.4 u	3.6 	5.8 	4.5 b	4.5 	4.5 	3.7 b	3.5 	2.5 	2.5 	2.4 	2.4 	3.6 	3.4 b	3.0 	3.3 	3.5 
A,RT_UNE,HRSTU,F,LU	: u	: u	: u	: u	: 	: u	: u	: u	: u	2.3 bu	3.2 	2.8 b	2.5 u	2.6 b	2.4 u	3.2 b	2.9 	3.1 b	3.0 	2.9 	2.8 b	3.6 b	2.3 	2.3 	3.1 	2.7 	4.0 	3.7 b	3.0 	2.9 u	4.3 
A,RT_UNE,HRSTU,F,LV	: 	: 	: 	: 	4.0 b	3.3 	4.5 	: u	4.1 bu	: u	: u	3.3 b	3.0 	2.3 	2.9 	5.4 	7.9 	5.3 b	4.9 	5.3 	4.9 b	4.4 	3.5 	3.3 	2.8 	2.8 	3.8 	3.9 b	3.4 	2.9 	3.5 
A,RT_UNE,HRSTU,F,ME	: 	: 	: 	: 	: 	: 	: 	: 	: 	: 	: 	: 	: 	: 	: 	: 	: 	9.1 b	8.0 	7.1 	7.7 b	8.4 	9.4 	9.4 	7.9 	7.8 	10.8 	: 	: 	: 	: 
A,RT_UNE,HRSTU,F,MK	: 	: 	: 	: 	: 	: 	: 	: 	: 	: 	: 	: 	17.2 	17.6 	18.0 	19.4 	20.1 	21.6 b	21.3 	22.2 	20.7 b	19.1 	17.9 	18.5 	16.7 	12.4 	12.5 	7.8 b	7.2 	5.7 	7.3 
A,RT_UNE,HRSTU,F,MT	: 	: 	: 	: 	: 	: 	: u	: u	: u	: u	: bu	: bu	: u	: u	: u	2.0 u	: u	1.6 bu	1.8 u	1.8 u	2.1 bu	2.0 u	1.6 u	1.6 u	1.8 u	2.9 	2.7 	1.7 bu	2.4 	2.0 u	1.7 u
A,RT_UNE,HRSTU,F,NL	: 	: 	2.9 	2.6 	1.5 b	1.1 	1.2 	0.9 	0.9 	1.2 	1.6 	2.6 b	2.2 b	1.9 	1.7 	2.1 	2.3 	2.3 b	2.6 	2.9 b	3.0 b	2.9 	2.7 	2.1 	1.8 	1.6 b	2.0 	2.2 b	2.1 	2.2 	2.2 
A,RT_UNE,HRSTU,F,NO	: 	: 	3.0 	2.4 	2.2 b	1.6 	1.7 	1.6 	1.9 	2.2 b	2.3 	1.9 b	1.4 b	1.2 	1.1 	1.3 	1.5 	1.4 b	1.1 	1.5 	1.9 b	2.0 	2.2 	1.8 	1.8 	1.7 	2.1 	2.2 b	1.7 	1.9 	2.3 
A,RT_UNE,HRSTU,F,PL	: 	: 	: 	2.2 	1.1 b	1.6 	3.0 b	3.6 b	4.2 	4.5 b	5.0 b	5.3 b	4.3 	3.6 	3.0 	3.4 	4.0 b	4.5 b	4.9 	5.1 	4.3 b	3.5 	2.9 	2.2 	1.6 	1.8 b	1.8 	1.6 b	1.1 	1.1 	1.3 
A,RT_UNE,HRSTU,F,PT	1.9 	2.5 	3.2 	2.1 	2.2 b	2.2 	2.1 	2.2 	3.9 	4.8 	3.6 b	5.3 b	5.6 	7.0 	6.4 	5.2 	6.3 	7.0 b	9.7 	11.2 	9.1 b	7.8 	7.0 	5.2 	4.5 	4.6 	4.6 	4.2 b	3.9 	3.9 	4.0 
A,RT_UNE,HRSTU,F,RO	: 	: 	: 	1.7 	1.6 b	1.3 u	1.4 u	2.0 	2.1 b	1.4 bu	1.6 	2.4 b	2.4 	1.8 	1.8 	2.8 	3.2 b	3.5 b	3.8 	4.1 	4.3 b	3.3 	2.4 	1.5 	1.5 	1.2 	1.8 	1.4 b	1.0 	1.1 	1.5 
A,RT_UNE,HRSTU,F,RS	: 	: 	: 	: 	: 	: 	: 	: 	: 	: 	: 	: 	: 	: 	: 	: 	8.8 	16.0 b	17.9 	14.1 	12.6 b	12.7 	11.7 	10.4 	9.8 	7.1 	6.6 	7.7 b	5.3 	6.1 	5.4 
A,RT_UNE,HRSTU,F,SE	: 	3.6 	3.5 	2.7 	2.8 b	2.2 	1.7 	1.4 b	1.4 	1.7 	2.4 	2.9 b	3.1 b	2.5 	2.5 	3.1 	3.4 	3.0 b	3.0 	3.2 	3.1 b	3.0 	2.8 	2.8 	2.5 b	2.7 	3.6 	3.5 b	2.9 	3.3 	4.2 
A,RT_UNE,HRSTU,F,SI	: 	: 	1.3 u	2.0 u	1.4 bu	1.8 u	1.8 u	1.2 u	1.4 u	2.2 u	1.9 u	2.0 bu	2.5 	2.6 	2.4 	2.3 	3.1 	3.5 b	5.3 	5.3 	5.9 b	5.3 	5.2 	4.9 	3.5 	3.0 	2.8 	3.0 b	2.3 	1.8 bu	2.2 
A,RT_UNE,HRSTU,F,SK	: 	: 	: 	: 	1.4 b	1.4 b	1.4 	1.5 b	1.6 	1.9 b	2.5 	2.4 b	1.8 	2.3 	1.9 	2.2 	2.9 	3.7 b	4.7 	5.3 	5.0 b	4.7 	4.4 	3.4 	2.5 	2.0 	2.7 	2.3 b	1.9 	1.7 	1.7 
A,RT_UNE,HRSTU,F,TR	: 	: 	: 	: 	: 	: 	: 	: 	: 	: 	: 	: 	8.5 	9.6 	10.5 	12.3 	12.3 	12.0 b	11.6 b	12.2 	13.8 b	14.6 	15.3 	16.6 	15.7 	17.1 	15.6 	15.8 b	14.4 	13.2 	12.3 
A,RT_UNE,HRSTU,F,UK	2.7 	2.7 	2.3 	2.3 	: 	1.5 b	1.4 	1.3 b	1.4 	1.3 	1.6 b	1.8 b	2.1 	1.9 b	2.2 b	2.8 	3.1 b	3.1 b	3.3 	2.9 	2.5 b	2.3 	2.5 	2.4 	2.0 	2.0 	: 	: 	: 	: 	: 
A,RT_UNE,HRSTU,M,AT	: 	0.8 u	1.2 u	0.9 u	0.9 bu	1.4 	1.2 u	0.9 u	1.0 u	1.3 	1.8 b	1.5 b	1.3 b	1.2 b	0.9 	1.1 	1.2 	1.1 b	1.1 	1.5 	2.6 b	2.8 	2.6 	2.2 	2.2 	1.9 	2.1 	2.9 b	2.3 	2.2 	2.6 
A,RT_UNE,HRSTU,M,BA	: 	: 	: 	: 	: 	: 	: 	: 	: 	: 	: 	: 	: 	: 	: 	: 	: 	: 	: 	: 	: 	: 	: 	: 	: 	: 	: 	5.6 b	5.0 	4.4 	3.6 
A,RT_UNE,HRSTU,M,BE	3.2 	2.5 	2.7 	2.3 	2.4 b	2.2 b	1.7 	2.1 b	2.5 	3.1 	2.8 	3.3 b	3.1 	2.8 	2.7 b	3.4 	3.4 	2.9 b	3.1 	3.7 	3.7 b	4.0 	3.3 	3.2 b	3.0 	2.7 	3.0 	3.1 b	2.8 	2.5 	2.6 
A,RT_UNE,HRSTU,M,BG	: 	: 	: 	: 	: 	: 	5.1 	6.3 b	5.7 	4.5 b	4.0 	3.4 b	3.0 b	1.8 u	1.5 bu	2.1 	3.7 b	4.2 b	5.0 	5.3 	4.5 b	3.3 	2.9 	2.6 	2.0 	1.4 b	2.1 	1.6 b	1.6 	1.4 	1.4 b
A,RT_UNE,HRSTU,M,CH	: 	: 	1.9 	2.5 	1.4 b	0.8 u	0.7 u	0.5 u	1.3 	2.0 	1.7 	1.6 b	1.4 	1.3 	1.2 	1.7 	2.0 b	1.8 b	2.0 	2.3 	2.5 b	2.6 	2.4 	2.4 	2.3 	2.1 	2.3 	2.4 b	2.1 	2.1 	2.3 
A,RT_UNE,HRSTU,M,CY	: 	: 	: 	: 	: 	: 	1.8 u	1.4 u	1.5 u	2.5 	1.8 u	2.6 b	2.7 	2.0 	2.2 	3.1 b	3.9 	5.6 b	7.5 	10.2 	10.0 b	8.6 	8.6 	7.4 	6.2 	4.4 	6.3 	5.1 b	4.2 	4.6 	3.0 
A,RT_UNE,HRSTU,M,CZ	: 	: 	: 	: 	0.8 b	1.2 	1.1 	1.0 	0.9 	0.9 b	1.0 	1.0 b	1.1 	0.8 	0.7 	1.2 	1.4 b	1.4 b	1.4 	1.3 	1.4 b	1.3 	0.9 	0.7 	0.6 	0.5 	0.7 	0.8 b	0.5 	0.6 	0.8 
A,RT_UNE,HRSTU,M,DE	2.5 	2.8 	3.1 b	3.3 	: 	3.0 	2.3 	2.4 	2.4 	2.9 	3.3 	3.6 b	3.0 b	2.3 	2.0 	2.2 	2.0 b	1.5 b	1.5 b	1.5 	1.6 b	1.5 	1.5 	1.4 	1.3 	1.2 	1.8 b	1.7 b	1.3 	1.4 	1.6 
A,RT_UNE,HRSTU,M,DK	3.1 	3.4 	2.4 	2.1 	2.0 b	1.7 	1.5 	2.3 	2.4 	3.0 b	3.0 	2.5 b	1.9 	1.8 b	1.4 b	2.5 	3.0 	2.9 b	2.7 	2.8 	2.8 b	2.6 	2.8 b	2.7 b	2.2 	2.5 	2.9 	2.9 b	2.4 	2.6 b	3.1 
A,RT_UNE,HRSTU,M,EA21	: 	: 	: 	: 	: 	: 	: 	: 	2.8 	3.1 	3.3 	3.3 b	2.9 	2.5 	2.4 	3.4 	3.7 	3.7 b	4.2 	4.6 	4.5 b	4.2 	3.8 	3.3 	3.2 	3.0 	3.5 	3.5 b	2.8 	2.8 	2.9 
A,RT_UNE,HRSTU,M,EE	: 	: 	: 	6.7 	3.7 b	4.1 	5.6 bu	7.7 u	: u	: u	: u	3.6 b	2.7 u	2.0 u	2.4 u	5.6 	9.6 	5.4 b	4.4 	4.2 	3.7 b	2.6 	3.1 	2.8 	2.8 	2.0 	3.4 	2.8 b	3.0 	2.3 	2.7 
A,RT_UNE,HRSTU,M,EL	3.5 	3.7 	3.8 	3.7 	3.6 b	4.6 	4.1 	4.0 b	3.5 	3.6 	3.8 b	3.8 b	3.8 	3.8 	3.8 	4.3 b	6.0 	9.3 b	12.7 	14.7 	15.2 b	14.6 	11.9 	10.9 	8.9 	7.4 	8.2 	7.5 b	6.2 	5.5 	5.3 
A,RT_UNE,HRSTU,M,ES	10.4 b	10.0 	9.8 	9.4 	7.8 b	6.5 	5.7 	4.3 b	4.6 	5.1 	5.0 	4.5 b	3.8 b	3.4 	4.3 	7.6 	8.8 	9.8 b	11.7 	12.7 	11.6 b	9.8 	8.7 	7.2 	6.6 	6.5 	7.9 	7.2 bd	5.7 d	5.4 d	5.2 d
A,RT_UNE,HRSTU,M,EU27_2020	: 	: 	: 	: 	: 	: 	: 	: 	2.7 	3.0 	3.2 	3.2 b	2.9 	2.4 	2.3 	3.3 	3.6 	3.6 b	4.0 	4.3 	4.3 b	3.9 	3.5 	3.1 	2.9 	2.8 	3.2 	3.1 b	2.6 	2.6 	2.7 
A,RT_UNE,HRSTU,M,FI	: 	7.7 	6.9 	3.8 	3.9 b	2.5 	3.2 b	2.8 	2.8 	3.2 	3.1 	2.9 b	2.3 	2.5 b	2.1 b	3.0 	3.5 	3.1 b	3.2 	3.6 	4.2 b	4.7 	4.5 	3.8 	3.0 	3.2 	3.1 	3.7 b	3.2 	3.1 	3.6 
A,RT_UNE,HRSTU,M,FR	4.0 	4.3 	3.7 	4.2 	4.1 b	3.8 	3.3 	2.9 	3.8 	3.7 b	4.1 	3.9 b	3.9 b	3.6 	2.8 	3.7 	3.7 	3.3 b	3.6 	4.2 b	4.5 b	4.7 	4.0 	3.6 	4.0 	4.0 	4.0 	4.4 bd	3.9 d	4.1 d	4.2 d
A,RT_UNE,HRSTU,M,HR	: 	: 	: 	: 	: 	: 	: 	: 	6.1 u	4.3 bu	5.5 u	3.9 bu	3.1 bu	3.5 u	2.6 u	3.2 u	5.2 b	5.8 b	6.6 b	6.8 	6.2 b	6.5 	4.9 	5.2 	3.7 	2.9 u	3.1 u	3.1 bu	3.3 u	1.9 u	2.6 u
A,RT_UNE,HRSTU,M,HU	: 	: 	: 	0.8 u	1.6 b	1.0 u	1.0 	0.7 bu	0.8 u	0.9 u	1.1 	1.6 b	1.9 	1.7 	1.6 	2.7 	3.7 	3.0 b	3.1 	2.5 	2.1 b	1.7 	1.3 	1.0 	0.9 b	1.1 	1.1 	1.2 b	1.0 	1.2 	1.5 
A,RT_UNE,HRSTU,M,IE	4.8 	3.9 	3.7 	3.0 	: 	1.3 u	1.1 u	1.1 u	2.0 	2.3 	1.8 	1.9 b	2.1 	1.9 b	2.9 	6.1 	6.9 	6.6 b	6.4 	5.8 	5.3 b	4.4 	4.1 	3.2 b	3.1 	2.7 	3.4 	3.7 b	2.5 	2.4 	2.7 
A,RT_UNE,HRSTU,M,IS	: 	: 	: 	: 	: 	: u	: 	: u	: u	: bu	: u	: bu	: u	: u	: u	3.1 	3.0 	3.4 b	2.5 	1.8 	1.7 b	1.4 	: u	1.2 	1.5 	1.8 	3.0 b	3.0 b	1.8 	2.4 	1.9 
A,RT_UNE,HRSTU,M,IT	1.6 	1.8 	2.0 	2.2 	2.1 b	2.1 	1.6 	1.6 	1.6 	1.6 	1.5 b	2.0 b	1.6 	1.3 	1.5 	1.9 	2.1 	1.9 b	2.6 	2.8 	3.2 b	2.8 	2.7 	2.7 	2.4 b	2.5 	2.3 	2.4 b	1.8 	1.8 	1.6 
A,RT_UNE,HRSTU,M,LT	: 	: 	: 	: 	9.0 b	7.4 	10.4 b	8.2 	4.7 bu	5.8 u	5.6 u	3.4 bu	: u	: u	: u	7.1 	7.7 	6.6 b	5.4 	4.1 	3.6 b	2.9 	2.7 	2.8 	2.6 	2.9 	3.8 	3.9 b	3.3 	3.4 	4.0 
A,RT_UNE,HRSTU,M,LU	1.9 u	: u	: u	: u	: 	: u	: u	: u	: u	1.8 bu	2.0 u	2.2 b	1.6 u	1.9 bu	1.2 u	2.6 b	2.1 	2.1 b	2.2 	2.7 	3.1 b	3.1 b	2.7 	1.9 	3.0 	2.8 	3.1 	2.5 b	2.7 	3.4 	3.7 
A,RT_UNE,HRSTU,M,LV	: 	: 	: 	: 	5.3 b	5.2 	4.9 	: u	: bu	: u	: u	3.4 b	2.4 	2.4 	2.4 	5.9 	8.5 	6.3 b	5.5 	4.2 	3.8 b	3.1 	3.6 	3.0 	3.3 	3.3 	4.9 	4.0 b	3.6 	2.6 	3.2 
A,RT_UNE,HRSTU,M,ME	: 	: 	: 	: 	: 	: 	: 	: 	: 	: 	: 	: 	: 	: 	: 	: 	: 	9.6 b	8.2 	7.8 	7.6 b	7.7 	9.9 	8.2 	8.5 	10.3 	10.7 	: 	: 	: 	: 
A,RT_UNE,HRSTU,M,MK	: 	: 	: 	: 	: 	: 	: 	: 	: 	: 	: 	: 	14.6 	13.8 	14.9 	14.2 	15.6 	15.4 b	14.9 	15.3 	15.7 b	15.6 	14.6 	12.5 	11.9 	10.5 	9.8 	8.6 b	8.1 	7.0 	4.3 
A,RT_UNE,HRSTU,M,MT	: 	: 	: 	: 	: 	: 	: u	: u	: 	: u	: bu	: bu	: u	: u	: u	: u	: u	: bu	1.0 u	1.4 u	1.5 bu	: u	: u	1.2 u	1.4 u	1.7 	2.4 	0.9 bu	1.8 	1.7 u	1.7 
A,RT_UNE,HRSTU,M,NL	: 	: 	2.4 	2.0 	1.0 b	0.9 	0.9 	0.9 	1.1 	1.7 	2.0 	2.1 b	1.7 b	1.3 	1.2 	1.7 	1.9 	1.9 b	2.1 	2.7 b	2.6 b	2.5 	2.2 	1.9 	1.7 	1.6 b	1.7 	2.0 b	1.8 	1.7 	1.8 
A,RT_UNE,HRSTU,M,NO	: 	: 	2.1 	2.1 	1.6 b	1.6 	2.0 	1.9 	1.9 	2.2 b	2.4 	1.9 b	1.5 b	1.2 	0.9 	1.1 	1.3 	1.1 b	1.5 	1.4 	1.5 b	2.0 	2.6 	2.0 	1.9 	1.8 	2.4 	2.0 b	1.3 	1.7 	2.2 
A,RT_UNE,HRSTU,M,PL	: 	: 	: 	1.9 	1.1 b	1.6 	2.9 b	2.4 b	3.2 	4.1 b	4.3 b	4.3 b	3.8 	2.7 	2.4 	3.0 	3.5 b	3.4 b	3.7 	3.7 	3.0 b	2.7 	2.2 	1.7 	1.6 	1.4 b	1.4 	1.2 b	1.0 	1.0 	1.0 
A,RT_UNE,HRSTU,M,PT	1.6 	2.6 	2.4 	1.7 	: bu	: u	: u	: u	: u	2.2 	2.4 b	3.1 b	2.9 	3.2 	2.9 	3.9 	3.7 	5.9 b	7.2 	6.7 	5.2 b	5.5 	5.2 	4.1 	3.3 	3.2 	4.4 	4.2 b	3.0 	3.2 	3.3 
A,RT_UNE,HRSTU,M,RO	: 	: 	: 	1.5 	1.3 bu	1.6 u	2.6 	2.4 	2.5 b	2.4 b	2.3 	2.4 b	2.3 	2.0 	1.9 	3.2 	3.6 b	3.3 b	3.7 	4.2 	4.6 b	3.2 	2.5 	2.3 	1.8 	1.3 	1.6 	1.8 b	1.7 	1.4 	1.3 
A,RT_UNE,HRSTU,M,RS	: 	: 	: 	: 	: 	: 	: 	: 	: 	: 	: 	: 	: 	: 	: 	: 	9.0 	15.8 b	16.0 	13.1 	10.0 b	10.8 	9.9 	8.6 	7.0 	5.9 	5.8 	5.6 b	4.1 	4.4 	4.7 
A,RT_UNE,HRSTU,M,SE	: 	4.3 	4.8 	3.2 	3.3 b	3.2 	2.4 	1.3 b	1.8 	2.6 	2.6 	2.8 b	2.8 b	2.3 	2.2 	3.1 	3.2 	3.0 b	3.1 	3.0 	3.2 b	3.2 	3.1 	3.1 	2.9 b	2.8 	3.4 	3.2 b	2.3 	2.7 	3.3 
A,RT_UNE,HRSTU,M,SI	: 	: 	1.7 u	1.7 u	1.9 bu	1.7 u	: u	1.0 u	0.9 u	2.1 u	1.3 u	1.9 bu	1.5 u	1.6 u	1.8 u	1.9 u	2.6 	3.2 b	3.1 	3.4 	3.1 b	3.3 	4.0 	3.0 	1.9 	1.6 u	2.2 	2.3 b	2.0 u	1.5 bu	0.9 u
A,RT_UNE,HRSTU,M,SK	: 	: 	: 	: 	1.2 bu	2.0 b	3.1 	3.1 b	1.8 	2.0 b	3.3 	2.7 b	1.5 	1.7 	1.7 	2.3 	3.8 	3.2 b	3.9 	4.2 	3.5 b	3.4 	3.3 	2.2 	1.7 	1.5 	2.3 	1.8 bu	1.5 u	1.1 u	: u
A,RT_UNE,HRSTU,M,TR	: 	: 	: 	: 	: 	: 	: 	: 	: 	: 	: 	: 	4.7 	4.8 	5.4 	6.7 	5.7 	5.5 b	5.2 b	5.5 	6.2 b	6.2 	7.3 	7.2 	7.5 	8.7 	8.7 	8.1 b	7.3 	5.8 	5.4 
A,RT_UNE,HRSTU,M,UK	3.8 	3.6 	3.6 	2.7 	: 	1.9 b	1.6 	1.5 b	1.8 	1.8 	2.0 b	2.1 b	2.1 	2.0 b	2.2 b	3.5 	3.5 b	3.3 b	3.2 	3.1 	2.4 b	2.2 	2.1 	2.0 	2.0 	2.0 	: 	: 	: 	: 	: 
A,RT_UNE,HRSTU,T,AT	: 	0.8 u	1.0 	1.0 	0.8 bu	1.1 	1.2 	1.0 	1.0 	1.3 	1.6 b	1.5 b	1.4 b	1.4 b	0.9 	1.4 	1.3 	1.3 b	1.2 	1.8 	2.7 b	2.7 	2.5 	2.2 	2.3 	2.1 	2.4 	2.9 b	2.3 	2.4 	2.6 
A,RT_UNE,HRSTU,T,BA	: 	: 	: 	: 	: 	: 	: 	: 	: 	: 	: 	: 	: 	: 	: 	: 	: 	: 	: 	: 	: 	: 	: 	: 	: 	: 	: 	8.7 b	7.7 	6.6 	5.7 
A,RT_UNE,HRSTU,T,BE	3.7 	3.1 	3.4 	3.1 	3.1 b	2.9 b	2.1 	2.5 b	2.8 	3.1 	3.0 	3.5 b	3.6 	3.0 	2.9 b	3.6 	3.7 	3.1 b	3.2 	4.1 	3.9 b	3.9 	3.6 	3.7 b	3.0 	2.7 	3.0 	3.1 b	2.7 	2.6 	2.7 
A,RT_UNE,HRSTU,T,BG	: 	: 	: 	: 	: 	: 	5.0 	6.9 b	6.5 	5.4 b	4.7 	3.5 b	3.3 b	2.0 	1.9 b	2.4 	3.8 b	4.3 b	4.9 	5.5 	4.4 b	3.4 	2.9 	2.6 	2.0 	1.6 b	2.1 	1.7 b	1.4 	1.6 	1.4 b
A,RT_UNE,HRSTU,T,CH	: 	: 	1.4 	2.3 	1.6 b	1.0 	0.7 	0.8 	1.2 	1.7 	1.6 	1.7 b	1.5 	1.4 	1.2 	1.8 	2.0 b	2.0 b	2.1 	2.4 	2.5 b	2.6 	2.4 	2.8 	2.6 	2.4 	2.7 	2.6 b	2.3 	2.4 	2.7 
A,RT_UNE,HRSTU,T,CY	: 	: 	: 	: 	: 	: 	2.4 	2.3 	2.0 	3.1 	2.6 	3.7 b	3.7 	2.9 	2.6 	4.0 b	5.0 	6.3 b	9.0 	11.8 	11.7 b	10.9 	9.9 	8.8 	6.9 	5.6 	6.2 	5.6 b	5.0 	4.9 	3.7 
A,RT_UNE,HRSTU,T,CZ	: 	: 	: 	: 	0.7 b	1.2 	1.2 	1.0 	0.7 	0.9 b	0.9 	1.0 b	1.0 	0.7 	0.7 	1.1 	1.3 b	1.5 b	1.6 	1.6 	1.7 b	1.5 	1.2 	0.9 	0.7 	0.6 	0.9 	0.9 b	0.6 	0.9 	0.9 
A,RT_UNE,HRSTU,T,DE	2.6 	2.8 	2.9 b	3.2 	: 	2.8 	2.3 	2.3 	2.3 	2.7 	3.0 	3.3 b	2.8 b	2.3 	2.0 	2.1 	1.8 b	1.5 b	1.5 b	1.5 	1.5 b	1.4 	1.3 	1.2 	1.1 	1.1 	1.6 b	1.5 b	1.3 	1.4 	1.7 
A,RT_UNE,HRSTU,T,DK	3.5 	3.8 	2.9 	2.4 	2.3 b	2.0 	1.6 	2.4 	2.5 	3.4 b	2.9 	2.7 b	2.4 	1.9 b	1.5 b	2.4 	3.1 	3.3 b	3.2 	3.1 	3.2 b	3.2 	3.2 b	3.1 b	2.9 	2.9 	3.4 	3.0 b	2.6 	2.9 b	3.6 
A,RT_UNE,HRSTU,T,EA21	: 	: 	: 	: 	: 	: 	: 	: 	3.4 	3.5 	3.7 	3.7 b	3.3 	2.9 	2.9 	3.7 	4.1 	4.2 b	4.8 	5.3 	5.2 b	4.9 	4.4 	3.9 	3.6 	3.5 	3.9 	3.8 b	3.2 	3.2 	3.2 
A,RT_UNE,HRSTU,T,EE	: 	: 	: 	6.4 	3.9 b	4.6 	4.0 b	6.5 	4.0 u	4.0 	5.0 	3.3 b	2.6 	1.9 	2.3 	5.1 	7.7 	6.4 b	4.9 	4.6 	3.9 b	3.2 	3.2 	2.6 	2.8 	2.2 	3.7 	2.7 b	2.9 	2.9 	3.8 
A,RT_UNE,HRSTU,T,EL	5.0 	5.4 	5.5 	5.4 	6.0 b	7.2 	6.6 	6.3 b	5.9 	5.6 	6.6 b	6.6 b	6.1 	6.0 	5.4 	6.4 b	8.6 	12.4 b	16.1 	18.3 	18.0 b	18.0 	16.2 	14.8 	12.9 	11.0 	10.9 	10.0 b	8.0 	7.3 	6.5 
A,RT_UNE,HRSTU,T,ES	15.4 b	15.0 	14.4 	13.6 	12.8 b	10.8 	9.3 	6.7 b	7.5 	7.1 	7.1 	5.8 b	5.2 b	4.5 	5.5 	8.5 	9.9 	11.1 b	13.4 	14.6 	13.4 b	12.0 	10.6 	9.0 	8.1 	7.8 	9.4 	8.5 bd	7.1 d	6.7 d	6.3 d
A,RT_UNE,HRSTU,T,EU27_2020	: 	: 	: 	: 	: 	: 	: 	: 	3.2 	3.4 	3.6 	3.6 b	3.2 	2.8 	2.7 	3.6 	3.9 	4.1 b	4.6 	5.0 	4.8 b	4.5 	4.0 	3.6 	3.3 	3.1 	3.5 	3.4 b	2.9 	2.9 	2.9 
A,RT_UNE,HRSTU,T,FI	: 	7.3 	6.8 	3.7 	4.5 b	3.5 	3.8 b	3.1 	3.1 	3.2 	3.8 	3.4 b	2.8 	2.8 b	2.5 b	3.2 	3.5 	3.1 b	3.1 	3.5 	4.1 b	4.8 	4.7 	4.2 	3.4 	3.2 	3.5 	3.6 b	3.1 	3.1 	3.6 
A,RT_UNE,HRSTU,T,FR	4.6 	4.9 	4.7 	4.9 	5.1 b	4.8 	4.0 	3.5 	4.0 	4.1 b	4.5 	4.3 b	4.1 b	3.8 	3.1 	3.9 	3.9 	3.7 b	3.9 	4.4 b	4.8 b	4.8 	4.4 	4.0 	4.3 	4.0 	4.2 	4.3 bd	3.9 d	4.1 d	4.1 d
A,RT_UNE,HRSTU,T,HR	: 	: 	: 	: 	: 	: 	: 	: 	6.5 	5.3 b	5.6 	4.3 bu	4.1 bu	4.4 	3.4 	4.2 	6.0 b	6.6 b	7.6 b	7.9 	7.1 b	6.9 	5.7 	5.4 	4.5 	3.8 	3.9 	3.6 b	3.9 	2.8 	2.6 
A,RT_UNE,HRSTU,T,HU	: 	: 	: 	0.9 	1.2 b	0.7 	0.8 	0.7 b	1.0 	0.8 	1.4 	1.8 b	1.7 	1.9 	1.8 	2.7 	3.2 	3.0 b	3.2 	2.8 	2.3 b	1.8 	1.3 	1.2 	1.1 b	1.1 	1.3 	1.3 b	1.1 	1.2 	1.4 
A,RT_UNE,HRSTU,T,IE	5.2 	4.1 	4.1 	3.5 	: 	1.6 	1.3 	1.2 	1.7 	2.1 	1.9 	2.0 b	2.1 	2.2 b	3.1 	6.1 	6.9 	6.8 b	6.7 	6.3 	5.8 b	4.8 	4.2 	3.4 b	3.2 	2.7 	3.5 	3.6 b	2.7 	2.5 	2.7 
A,RT_UNE,HRSTU,T,IS	: 	: 	: 	: 	: 	: u	: u	: u	: u	: bu	: u	0.8 b	: u	: u	1.0 	2.6 	2.4 	3.0 b	2.0 	2.4 	2.5 b	1.9 	1.2 	1.2 	1.4 	1.8 	2.9 b	3.1 b	1.9 	1.7 	1.7 
A,RT_UNE,HRSTU,T,IT	2.4 	3.0 	2.8 	3.0 	3.0 b	3.1 	2.5 	2.4 	2.4 	2.5 	2.2 b	2.8 b	2.4 	2.0 	2.2 	2.8 	3.0 	2.8 b	3.6 	4.1 	4.5 b	4.2 	4.0 	3.9 	3.6 b	3.5 	3.3 	3.3 b	2.6 	2.5 	2.2 
A,RT_UNE,HRSTU,T,LT	: 	: 	: 	: 	7.9 b	8.3 	8.9 b	5.8 	5.0 b	5.0 	5.2 	3.2 bu	2.2 u	1.7 u	2.4 u	5.0 	6.5 	5.3 b	4.8 	4.4 	3.7 b	3.2 	2.6 	2.6 	2.5 	2.6 	3.7 	3.7 b	3.2 	3.4 	3.7 
A,RT_UNE,HRSTU,T,LU	1.9 u	: u	: u	: u	: 	: u	: u	0.8 u	1.0 u	2.0 b	2.5 	2.5 b	2.0 	2.3 b	1.7 	2.9 b	2.4 	2.6 b	2.6 	2.8 	3.0 b	3.3 b	2.6 	2.1 	3.1 	2.7 	3.5 	3.1 b	2.9 	3.2 	4.0 
A,RT_UNE,HRSTU,T,LV	: 	: 	: 	: 	4.5 b	4.1 	4.7 	: u	4.2 b	4.4 u	3.0 u	3.4 b	2.7 	2.4 	2.7 	5.6 	8.1 	5.6 b	5.1 	4.9 	4.5 b	3.9 	3.5 	3.2 	3.0 	3.0 	4.2 	3.9 b	3.5 	2.8 	3.4 
A,RT_UNE,HRSTU,T,ME	: 	: 	: 	: 	: 	: 	: 	: 	: 	: 	: 	: 	: 	: 	: 	: 	: 	9.4 b	8.1 	7.5 	7.6 b	8.1 	9.6 	8.9 	8.2 	9.0 	10.7 	: 	: 	: 	: 
A,RT_UNE,HRSTU,T,MK	: 	: 	: 	: 	: 	: 	: 	: 	: 	: 	: 	: 	15.8 	15.7 	16.4 	16.8 	17.8 	18.5 b	18.1 	18.8 	18.2 b	17.4 	16.3 	15.6 	14.4 	11.5 	11.2 	8.2 b	7.6 	6.3 	5.9 
A,RT_UNE,HRSTU,T,MT	: 	: 	: 	: 	: 	: 	: u	: u	: u	: u	: bu	1.5 bu	1.4 u	1.3 u	0.7 u	1.5 	1.1 u	1.1 bu	1.4 	1.6 	1.8 b	1.3 	1.1 	1.3 	1.6 	2.2 	2.5 	1.3 b	2.1 	1.9 	1.7 
A,RT_UNE,HRSTU,T,NL	: 	: 	2.6 	2.2 	1.2 b	1.0 	1.0 	0.9 	1.0 	1.5 	1.8 	2.3 b	1.9 b	1.6 	1.4 	1.9 	2.1 	2.1 b	2.3 	2.8 b	2.8 b	2.7 	2.4 	2.0 	1.7 	1.6 b	1.9 	2.1 b	1.9 	2.0 	2.0 
A,RT_UNE,HRSTU,T,NO	: 	: 	2.5 	2.3 	1.9 b	1.6 	1.8 	1.8 	1.9 	2.2 b	2.4 	1.9 b	1.5 b	1.2 	1.0 	1.2 	1.4 	1.2 b	1.3 	1.4 	1.7 b	2.0 	2.4 	1.9 	1.8 	1.8 	2.3 	2.1 b	1.5 	1.8 	2.3 
A,RT_UNE,HRSTU,T,PL	: 	: 	: 	2.1 	1.1 b	1.6 	2.9 b	3.1 b	3.8 	4.4 b	4.7 b	4.9 b	4.1 	3.2 	2.7 	3.2 	3.8 b	4.0 b	4.4 	4.5 	3.7 b	3.2 	2.6 	1.9 	1.6 	1.6 b	1.6 	1.4 b	1.1 	1.1 	1.1 
A,RT_UNE,HRSTU,T,PT	1.7 	2.5 	2.8 	1.9 	1.6 b	2.0 	1.6 	1.6 	2.4 	3.5 	3.0 b	4.2 b	4.3 	5.2 	4.8 	4.6 	5.1 	6.5 b	8.6 	9.2 	7.4 b	6.8 	6.2 	4.7 	4.0 	4.0 	4.5 	4.2 b	3.5 	3.6 	3.7 
A,RT_UNE,HRSTU,T,RO	: 	: 	: 	1.6 	1.4 b	1.4 	2.0 	2.2 	2.3 b	1.9 b	1.9 	2.4 b	2.4 	1.9 	1.8 	3.0 	3.4 b	3.4 b	3.8 	4.2 	4.5 b	3.2 	2.4 	1.9 	1.6 	1.2 	1.7 	1.6 b	1.3 	1.2 	1.5 
A,RT_UNE,HRSTU,T,RS	: 	: 	: 	: 	: 	: 	: 	: 	: 	: 	: 	: 	: 	: 	: 	: 	8.9 	15.9 b	17.0 	13.6 	11.4 b	11.8 	10.9 	9.5 	8.5 	6.6 	6.2 	6.7 b	4.8 	5.3 	5.1 
A,RT_UNE,HRSTU,T,SE	: 	3.9 	4.2 	3.0 	3.1 b	2.7 	2.0 	1.3 b	1.6 	2.1 	2.5 	2.8 b	2.9 b	2.4 	2.4 	3.1 	3.3 	3.0 b	3.1 	3.1 	3.2 b	3.1 	3.0 	3.0 	2.7 b	2.8 	3.5 	3.3 b	2.6 	3.0 	3.7 
A,RT_UNE,HRSTU,T,SI	: 	: 	1.5 u	1.8 u	1.6 bu	1.8 u	1.3 u	1.1 u	1.2 u	2.2 u	1.6 u	1.9 b	2.0 	2.1 	2.2 	2.1 	2.9 	3.4 b	4.3 	4.5 	4.7 b	4.4 	4.7 	4.0 	2.8 	2.3 	2.5 	2.7 b	2.1 	1.7 b	1.6 
A,RT_UNE,HRSTU,T,SK	: 	: 	: 	: 	1.3 b	1.6 b	2.1 	2.1 b	1.7 	1.9 b	2.8 	2.5 b	1.7 	2.0 	1.8 	2.3 	3.3 	3.5 b	4.3 	4.8 	4.3 b	4.1 	3.9 	2.9 	2.2 	1.8 	2.5 	2.1 b	1.7 	1.5 	1.4 
A,RT_UNE,HRSTU,T,TR	: 	: 	: 	: 	: 	: 	: 	: 	: 	: 	: 	: 	5.9 	6.4 	7.1 	8.7 	8.0 	7.7 b	7.5 b	7.9 	9.0 b	9.3 	10.3 	10.9 	10.7 	12.0 	11.4 	11.2 b	10.2 	8.8 	8.2 
A,RT_UNE,HRSTU,T,UK	3.3 	3.2 	3.0 	2.5 	: 	1.8 b	1.5 	1.4 b	1.7 	1.6 	1.8 b	2.0 b	2.1 	2.0 b	2.2 b	3.2 	3.3 b	3.2 b	3.3 	3.0 	2.4 b	2.3 	2.3 	2.2 	2.0 	2.0 	: 	: 	: 	: 	: 
A,RT_UNE,NON_HRSTU,F,AT	: 	6.1 	6.7 	6.7 	7.3 b	6.3 	6.0 	5.4 	6.1 	5.7 	8.5 b	8.3 b	7.8 b	7.3 b	6.1 	7.0 	6.4 	6.3 b	6.9 	7.5 	7.7 b	7.8 	8.5 	7.8 	7.0 	6.4 	8.0 	9.7 b	7.1 	7.5 	7.3 
A,RT_UNE,NON_HRSTU,F,BA	: 	: 	: 	: 	: 	: 	: 	: 	: 	: 	: 	: 	: 	: 	: 	: 	: 	: 	: 	: 	: 	: 	: 	: 	: 	: 	: 	27.8 b	25.4 	21.8 	22.2 
A,RT_UNE,NON_HRSTU,F,BE	17.8 	17.8 	18.2 	17.1 	17.5 b	15.0 b	12.7 	10.1 b	11.9 	12.2 	12.7 	15.0 b	14.3 	13.5 	11.9 b	12.4 	13.5 	11.3 b	11.9 	12.2 	12.4 b	12.4 	12.0 	11.0 b	9.1 	8.0 	9.1 	10.4 b	9.6 	9.1 	9.4 
A,RT_UNE,NON_HRSTU,F,BG	: 	: 	: 	: 	: 	: 	21.4 	25.5 b	23.0 	17.2 b	15.2 	13.4 b	12.4 b	10.1 	7.8 b	9.0 	13.1 b	13.8 b	14.6 	16.1 	14.9 b	12.3 	10.2 	8.6 	6.8 	5.4 b	6.8 	7.7 b	6.2 	6.3 	6.4 b
A,RT_UNE,NON_HRSTU,F,CH	: 	: 	5.9 	4.9 	5.3 b	4.9 	4.6 	5.0 	4.5 	6.6 	7.1 	7.5 b	7.2 	7.0 	6.4 	7.0 	8.0 b	6.8 b	6.9 	7.2 	7.5 b	7.3 	7.7 	7.1 	7.6 	7.0 	7.5 	8.2 b	6.7 	6.2 	6.5 
A,RT_UNE,NON_HRSTU,F,CY	: 	: 	: 	: 	: 	: 	9.6 	7.1 	5.2 	5.0 	6.8 	7.5 b	5.9 	5.3 	5.4 	6.1 b	6.8 	8.4 b	11.6 	17.1 	17.4 b	16.9 	16.4 	12.9 	10.4 	9.1 	9.4 	9.2 b	8.2 	6.9 	6.7 
A,RT_UNE,NON_HRSTU,F,CZ	: 	: 	: 	: 	11.0 b	14.5 	15.3 	14.2 	12.6 	14.3 b	14.6 	15.2 b	13.8 	10.9 	9.2 	12.9 	13.6 b	11.6 b	12.2 	12.3 	11.0 b	9.0 	6.9 	5.3 	4.2 	3.6 	4.4 	5.4 b	4.5 	4.8 	5.0 
A,RT_UNE,NON_HRSTU,F,DE	14.5 	13.4 	13.8 b	15.2 	: 	13.4 	12.1 	11.4 	12.3 	13.9 	15.3 	16.6 b	15.7 b	13.6 	12.0 	11.6 	10.6 b	8.8 b	8.4 b	8.0 	7.6 b	7.0 	6.3 	5.6 	4.9 	4.6 	5.5 b	5.2 b	4.7 	4.5 	4.9 
A,RT_UNE,NON_HRSTU,F,DK	11.5 	10.9 	11.1 	8.6 	8.6 b	7.8 	7.0 	6.5 	5.6 	7.3 b	7.6 	7.4 b	6.0 	5.7 b	6.1 b	8.5 	9.9 	11.0 b	11.5 	11.7 	10.6 b	9.3 	9.2 b	8.7 b	7.3 	7.5 	8.7 	8.0 b	6.8 	8.3 b	9.9 
A,RT_UNE,NON_HRSTU,F,EA21	: 	: 	: 	: 	: 	: 	: 	: 	14.0 	14.1 	14.5 	14.2 b	13.4 	12.1 	11.8 	13.8 	14.7 	14.7 b	16.3 	17.1 	16.9 b	15.9 	15.1 	14.0 	12.7 	11.9 	12.2 	12.5 b	11.2 	10.7 	10.3 
A,RT_UNE,NON_HRSTU,F,EE	: 	: 	: 	14.0 	12.8 b	14.9 	19.2 b	19.6 	13.4 	15.7 	12.4 	11.2 b	8.8 	6.0 	8.3 	17.1 	23.1 	17.0 b	14.1 	12.3 	10.5 b	9.8 	10.0 	8.9 	8.6 	8.6 	11.1 	10.3 b	8.8 	12.1 	12.5 
A,RT_UNE,NON_HRSTU,F,EL	15.6 	15.6 	17.7 	17.0 	19.4 b	20.9 	19.7 	18.4 b	17.9 	17.3 	18.7 b	18.1 b	16.4 	15.3 	14.0 	16.0 b	19.2 	25.1 b	33.6 	37.3 	36.2 b	33.9 	33.7 	31.7 	29.8 	27.0 	25.2 	24.8 b	22.6 	19.3 	17.6 
A,RT_UNE,NON_HRSTU,F,ES	35.0 b	34.0 	33.6 	32.3 	30.4 b	26.3 	24.1 	18.3 b	19.4 	19.7 	18.8 	15.4 b	14.7 b	14.3 	17.2 	24.3 	27.0 	28.5 b	32.3 	34.5 	33.5 b	31.4 	29.1 	26.3 	23.9 	22.7 	24.4 	24.3 bd	21.9 d	20.3 d	18.7 d
A,RT_UNE,NON_HRSTU,F,EU27_2020	: 	: 	: 	: 	: 	: 	: 	: 	14.6 	14.6 	14.9 	14.7 b	13.5 	11.8 	11.2 	13.2 	14.2 	14.2 b	15.5 	16.2 	15.8 b	14.7 	13.7 	12.6 	11.4 	10.6 	11.1 	11.5 b	10.3 	10.0 	9.7 
A,RT_UNE,NON_HRSTU,F,FI	: 	18.7 	17.9 	22.5 	21.2 b	20.1 	19.6 b	18.4 	15.7 	15.4 	16.0 	13.2 b	12.8 	11.2 b	10.6 b	12.1 	12.1 	11.5 b	11.8 	12.4 	12.9 b	13.9 	13.4 	13.7 	12.6 	10.7 	13.3 	12.0 b	11.1 	11.2 	12.9 
A,RT_UNE,NON_HRSTU,F,FR	18.5 	17.8 	18.2 	18.4 	18.0 b	17.9 	16.2 	14.1 	13.1 	12.0 b	13.0 	12.4 b	12.5 b	11.0 	10.5 	12.5 	13.0 	13.4 b	13.9 	14.5 b	14.8 b	14.9 	15.1 	14.6 	14.2 	13.4 	12.6 	12.4 bd	11.7 d	11.8 d	11.9 d
A,RT_UNE,NON_HRSTU,F,HR	: 	: 	: 	: 	: 	: 	: 	: 	21.2 	19.4 b	19.1 	17.5 b	16.0 b	13.8 	13.1 	13.4 	15.0 b	16.6 b	20.0 b	21.7 	24.8 b	23.4 	18.8 	16.2 	12.4 	9.0 	9.9 	11.1 b	10.7 	9.5 	7.4 
A,RT_UNE,NON_HRSTU,F,HU	: 	: 	: 	11.3 	11.7 b	9.4 	8.7 	7.1 b	7.2 	8.0 	8.5 	10.9 b	11.9 	11.3 	12.1 	14.6 	15.8 	16.4 b	15.9 	15.4 	12.1 b	10.9 	8.0 	7.1 	6.1 b	5.4 	7.0 	6.8 b	5.8 	7.1 	7.8 
A,RT_UNE,NON_HRSTU,F,IE	19.0 	16.2 	16.2 	13.8 	: 	7.6 	5.8 	4.9 	5.3 	5.3 	5.3 	5.5 b	5.7 	7.0 b	7.7 	12.5 	16.0 	18.8 b	19.9 	19.4 	17.0 b	14.2 	12.0 	10.1 b	9.1 	7.6 	8.8 	10.6 b	7.7 	6.8 	7.1 
A,RT_UNE,NON_HRSTU,F,IS	: 	: 	: 	: 	: 	3.9 	3.8 	3.4 	4.0 	6.2 b	4.1 	3.4 b	5.3 	3.6 	4.2 	9.6 	11.8 	10.5 b	10.2 	7.7 	6.8 b	6.3 	5.3 	4.9 	4.5 	5.0 	9.0 b	11.3 b	5.9 	6.5 	6.5 
A,RT_UNE,NON_HRSTU,F,IT	19.4 	20.3 	20.9 	21.0 	21.1 b	21.0 	19.7 	17.6 	17.1 	16.3 	14.2 b	13.6 b	12.3 	11.2 	12.1 	12.7 	13.2 	13.1 b	16.2 	17.6 	18.6 b	17.1 	17.4 	17.2 	16.4 b	15.5 	14.5 	15.2 b	13.5 	12.9 	10.9 
A,RT_UNE,NON_HRSTU,F,LT	: 	: 	: 	: 	17.2 b	15.8 	20.0 b	20.5 	17.9 b	19.0 	15.8 	13.1 b	8.7 	6.8 	9.0 	17.3 	23.5 	21.7 b	19.4 	17.4 	15.7 b	14.2 	12.3 	10.1 	9.6 	10.0 	13.7 	11.6 b	9.7 	12.0 	11.8 
A,RT_UNE,NON_HRSTU,F,LU	5.6 	5.5 	6.3 	5.3 	: 	4.8 	4.4 	2.9 u	5.1 	6.1 b	10.1 	8.2 b	9.2 	6.4 b	9.0 	9.2 b	7.7 	10.3 b	10.1 	12.2 	10.8 b	12.1 b	11.6 	8.5 	9.9 	9.5 	12.0 	9.2 b	8.5 	10.7 	11.3 
A,RT_UNE,NON_HRSTU,F,LV	: 	: 	: 	: 	18.5 b	19.2 	18.5 	17.8 	18.0 b	16.3 	17.8 	14.3 b	9.5 	8.3 	11.2 	21.7 	23.2 	21.2 b	22.1 	16.7 	14.7 b	13.3 	13.9 	12.7 	10.6 	8.8 	11.2 	10.4 b	8.5 	8.7 	9.0 
A,RT_UNE,NON_HRSTU,F,ME	: 	: 	: 	: 	: 	: 	: 	: 	: 	: 	: 	: 	: 	: 	: 	: 	: 	28.2 b	28.1 	27.2 	26.2 b	23.7 	22.9 	22.8 	20.7 	22.1 	24.8 	: 	: 	: 	: 
A,RT_UNE,NON_HRSTU,F,MK	: 	: 	: 	: 	: 	: 	: 	: 	: 	: 	: 	: 	43.9 	42.2 	39.6 	38.3 	37.2 	35.2 b	35.0 	32.4 	32.5 b	28.5 	26.0 	24.0 	22.0 	22.3 	18.6 	18.4 b	16.9 	16.9 	14.2 
A,RT_UNE,NON_HRSTU,F,MT	: 	: 	: 	: 	: 	: 	8.9 u	11.1 	10.9 	13.4 	11.8 b	11.5 b	12.0 	11.5 	10.1 	11.4 	11.0 	10.7 b	10.9 	9.5 	7.4 b	8.2 	8.0 	6.5 	5.6 	6.4 	7.6 	5.6 b	3.9 	4.6 	4.7 
A,RT_UNE,NON_HRSTU,F,NL	: 	: 	11.5 	10.4 	8.8 b	7.6 	5.1 	3.6 	4.2 	5.9 	7.9 	10.3 b	9.4 b	8.1 	6.9 	7.5 	8.6 	8.1 b	9.4 	11.3 b	12.2 b	11.6 	10.5 	8.7 	6.4 	5.4 b	6.5 	7.7 b	6.3 	6.0 	6.3 
A,RT_UNE,NON_HRSTU,F,NO	: 	: 	6.3 	6.1 	4.9 b	4.0 	4.1 	4.6 	5.3 	5.3 b	5.3 	6.1 b	5.0 b	3.5 	3.5 	3.6 	4.1 	4.6 b	4.2 	5.0 	4.9 b	6.7 	6.4 	6.5 	6.1 	5.8 	7.2 	7.2 b	5.2 	6.0 	6.4 
A,RT_UNE,NON_HRSTU,F,PL	: 	: 	: 	17.6 	16.2 b	18.1 	24.6 b	26.6 b	27.6 	27.1 b	27.2 b	26.7 b	21.3 	14.7 	11.4 	12.6 	14.7 b	15.1 b	15.9 	16.4 	14.6 b	11.9 	9.7 	8.0 	6.5 	5.8 b	5.2 	5.7 b	5.3 	5.4 	5.9 
A,RT_UNE,NON_HRSTU,F,PT	9.4 	9.3 	9.9 	8.9 	6.4 b	5.7 	5.4 	5.6 	5.7 	7.9 	8.3 b	9.7 b	10.0 	10.4 	9.7 	11.9 	14.0 	15.7 b	18.3 	19.2 	17.3 b	15.7 	13.8 	12.2 	9.4 	8.8 	9.1 	9.3 b	8.8 	9.3 	9.3 
A,RT_UNE,NON_HRSTU,F,RO	: 	: 	: 	7.1 	6.5 b	6.6 	7.7 	7.2 	9.3 b	7.7 b	7.5 	7.7 b	7.3 	6.6 	5.7 	7.0 	7.3 b	7.6 b	7.0 	7.2 	6.8 b	7.0 	6.2 	5.2 	4.4 	4.5 	6.1 	7.3 b	7.7 	7.6 	7.3 
A,RT_UNE,NON_HRSTU,F,RS	: 	: 	: 	: 	: 	: 	: 	: 	: 	: 	: 	: 	: 	: 	: 	: 	26.9 	26.5 b	27.6 	29.2 	25.3 b	22.8 	19.1 	17.0 	16.4 	13.9 	11.5 	15.7 b	13.8 	13.2 	12.0 
A,RT_UNE,NON_HRSTU,F,SE	: 	9.6 	10.5 	14.0 	11.3 b	9.9 	7.4 	6.1 b	6.6 	7.1 	9.0 	10.5 b	10.8 b	9.9 	10.2 	12.5 	13.6 	12.8 b	12.9 	13.3 	13.3 b	12.9 	12.0 	11.6 	11.9 b	13.6 	16.2 	18.7 b	16.7 	16.0 	16.4 
A,RT_UNE,NON_HRSTU,F,SI	: 	: 	9.0 	8.8 	9.8 b	9.9 	9.6 	8.3 	8.8 	10.1 	9.4 	10.5 b	10.6 	8.3 	6.8 	8.7 	10.4 	12.6 b	13.4 	16.5 	15.1 b	15.0 	12.5 	10.6 	8.3 	7.3 	9.5 	9.3 b	7.7 	6.3 b	6.4 
A,RT_UNE,NON_HRSTU,F,SK	: 	: 	: 	: 	18.0 b	22.9 b	26.9 	27.2 b	27.6 	25.5 b	28.6 	25.4 b	22.3 	18.9 	16.6 	19.6 	22.7 	20.5 b	20.8 	20.0 	18.8 b	17.9 	14.9 	11.7 	10.2 	9.0 	10.8 	11.4 b	10.7 	9.9 	10.2 
A,RT_UNE,NON_HRSTU,F,TR	: 	: 	: 	: 	: 	: 	: 	: 	: 	: 	: 	: 	9.3 	9.0 	9.9 	12.8 	11.2 	9.5 b	8.6 b	10.0 	11.1 b	11.8 	12.9 	12.7 	12.9 	16.1 	14.5 	14.0 b	12.9 	12.5 	11.5 
A,RT_UNE,NON_HRSTU,F,UK	9.2 	8.6 	8.0 	7.3 	: 	6.7 b	6.5 	5.3 b	5.7 	5.3 	5.6 b	5.7 b	6.7 	7.0 b	7.2 b	9.1 	10.0 b	11.7 b	11.7 	11.7 	9.7 b	8.5 	7.5 	6.6 	6.5 	5.8 	: 	: 	: 	: 	: 
A,RT_UNE,NON_HRSTU,M,AT	: 	4.9 	6.6 	6.4 	6.9 b	6.0 	6.2 	5.2 	7.0 	6.8 	8.3 b	7.6 b	7.0 b	6.3 b	5.6 	8.1 	7.3 	6.8 b	7.6 	8.1 	8.6 b	9.0 	9.8 	9.3 	7.6 	7.2 	8.7 	9.5 b	7.6 	8.6 	8.7 
A,RT_UNE,NON_HRSTU,M,BA	: 	: 	: 	: 	: 	: 	: 	: 	: 	: 	: 	: 	: 	: 	: 	: 	: 	: 	: 	: 	: 	: 	: 	: 	: 	: 	: 	17.1 b	14.9 	13.0 	12.2 
A,RT_UNE,NON_HRSTU,M,BE	9.9 	9.8 	9.8 	9.6 	10.4 b	10.7 b	7.5 	7.8 b	8.6 	10.1 	9.3 	10.7 b	10.5 	9.4 	9.3 b	11.1 	11.8 	10.6 b	11.4 	12.6 	13.5 b	13.3 	12.0 	10.8 b	9.4 	8.6 	8.5 	10.3 b	9.2 	9.5 	9.9 
A,RT_UNE,NON_HRSTU,M,BG	: 	: 	: 	: 	: 	: 	19.9 	25.6 b	22.9 	17.4 b	15.1 	12.5 b	10.4 b	8.0 	6.8 b	8.6 	13.2 b	15.0 b	16.4 	17.0 	15.3 b	12.3 	10.2 	7.9 	7.2 	5.7 b	6.8 	7.1 b	5.6 	5.8 	6.0 b
A,RT_UNE,NON_HRSTU,M,CH	: 	: 	4.8 	6.0 	4.7 b	4.4 	3.7 	2.8 	4.1 	5.6 	6.1 	6.1 b	5.4 	4.7 	4.7 	6.2 	7.1 b	6.3 b	6.6 	7.1 	7.1 b	7.0 	7.8 	7.3 	7.0 	6.8 	7.8 	8.0 b	6.1 	6.1 	6.6 
A,RT_UNE,NON_HRSTU,M,CY	: 	: 	: 	: 	: 	: 	4.0 	3.3 	3.3 	4.6 	4.5 	5.4 b	4.6 	4.2 	3.8 	6.6 b	7.6 	9.9 b	16.5 	21.4 	22.3 b	20.1 	15.8 	13.7 	9.6 	8.6 	8.9 	8.8 b	7.4 	7.1 	6.3 
A,RT_UNE,NON_HRSTU,M,CZ	: 	: 	: 	: 	5.9 b	9.2 	9.6 	8.9 	7.7 	7.8 b	9.5 	8.8 b	7.8 	5.8 	4.7 	8.1 	8.9 b	8.0 b	8.3 	8.3 	7.0 b	5.8 	4.7 	3.3 	2.5 	2.4 	3.1 	3.3 b	2.6 	3.2 	3.2 
A,RT_UNE,NON_HRSTU,M,DE	9.8 	9.1 	11.1 b	12.6 	: 	11.7 	10.7 	11.0 	12.5 	14.7 	16.3 	16.5 b	15.0 b	12.6 	11.1 	12.2 	11.3 b	9.1 b	8.5 b	8.4 	8.1 b	7.7 	6.8 	6.3 	5.8 	5.4 	6.4 b	6.0 b	5.3 	5.0 	5.5 
A,RT_UNE,NON_HRSTU,M,DK	9.3 	6.8 	7.2 	5.7 	4.9 b	6.0 	5.2 	4.4 	5.4 	6.4 b	6.3 	5.8 b	4.3 	4.3 b	4.7 b	10.2 	12.5 	11.5 b	11.5 	10.4 	9.7 b	8.7 	7.6 b	7.8 b	7.2 	6.9 	7.7 	7.2 b	6.4 	7.4 b	8.8 
A,RT_UNE,NON_HRSTU,M,EA21	: 	: 	: 	: 	: 	: 	: 	: 	10.2 	10.6 	11.1 	10.8 b	9.9 	8.8 	9.3 	12.7 	13.6 	13.8 b	15.7 	16.7 	16.1 b	15.1 	13.8 	12.4 	11.1 	10.2 	10.7 	10.5 b	9.2 	9.0 	8.8 
A,RT_UNE,NON_HRSTU,M,EE	: 	: 	: 	14.4 	13.2 b	16.7 	18.8 b	15.1 	14.1 	15.9 	14.9 	11.9 b	8.0 	7.0 	7.4 	22.1 	24.0 	17.4 b	14.8 	12.1 	10.4 b	8.7 	10.1 	8.5 	7.3 	5.7 	9.8 	10.0 b	8.5 	9.2 	11.1 
A,RT_UNE,NON_HRSTU,M,EL	6.6 	6.8 	6.6 	6.9 	8.1 b	8.5 	8.3 	7.7 b	7.3 	6.8 	7.3 b	7.0 b	6.4 	5.8 	5.6 	8.0 b	11.6 	17.5 b	25.3 	28.8 	27.4 b	25.0 	23.6 	21.2 	18.7 	17.4 	16.4 	13.6 b	11.2 	10.2 	9.5 
A,RT_UNE,NON_HRSTU,M,ES	22.3 b	20.1 	20.1 	18.4 	15.7 b	12.4 	11.0 	8.6 b	9.3 	9.7 	9.8 	8.5 b	7.6 b	7.9 	13.0 	22.7 	25.2 	27.3 b	31.9 	33.2 	31.0 b	27.5 	24.1 	21.3 	18.6 	16.7 	18.4 	17.8 bd	15.8 d	14.9 d	14.2 d
A,RT_UNE,NON_HRSTU,M,EU27_2020	: 	: 	: 	: 	: 	: 	: 	: 	11.2 	11.4 	11.9 	11.4 b	10.2 	8.9 	8.9 	12.0 	12.9 	13.1 b	14.5 	15.3 	14.6 b	13.6 	12.3 	11.0 	9.8 	8.9 	9.5 	9.5 b	8.4 	8.3 	8.2 
A,RT_UNE,NON_HRSTU,M,FI	: 	20.6 	17.9 	19.5 	17.6 b	15.9 	14.6 b	14.1 	15.4 	15.6 	14.6 	11.6 b	10.7 	9.3 b	8.8 b	12.9 	13.2 	12.5 b	12.3 	13.2 	13.7 b	14.4 	13.1 	13.4 	11.5 	11.1 	13.2 	12.3 b	10.8 	12.3 	14.2 
A,RT_UNE,NON_HRSTU,M,FR	14.3 	12.5 	13.6 	14.0 	13.2 b	13.5 	11.1 	9.1 	9.9 	9.8 b	10.4 	10.2 b	10.3 b	9.6 	9.3 	12.0 	12.1 	12.9 b	14.3 	15.1 b	15.7 b	16.0 	15.7 	14.7 	13.6 	12.9 	12.3 	11.5 bd	11.0 d	11.0 d	11.2 d
A,RT_UNE,NON_HRSTU,M,HR	: 	: 	: 	: 	: 	: 	: 	: 	15.3 	15.0 b	14.5 	14.1 b	12.1 b	10.5 	8.5 	9.5 	13.2 b	16.3 b	19.8 b	22.3 	20.6 b	19.2 	15.7 	12.9 	9.3 	7.7 	9.4 	9.0 b	7.1 	7.6 	6.4 
A,RT_UNE,NON_HRSTU,M,HU	: 	: 	: 	12.2 	11.8 b	9.3 	8.9 	7.8 b	7.5 	7.7 	7.4 	8.7 b	8.9 	8.9 	9.8 	12.9 	14.3 	14.2 b	14.6 	13.3 	9.7 b	8.6 	6.6 	4.9 	4.5 b	4.3 	5.5 	5.2 b	5.1 	5.5 	6.2 
A,RT_UNE,NON_HRSTU,M,IE	17.6 	14.8 	14.9 	13.2 	: 	7.7 	5.6 	4.9 	5.6 	6.0 	6.4 	5.8 b	5.6 	6.6 b	10.2 	20.3 	23.3 	25.5 b	26.0 	21.9 	18.7 b	16.0 	13.1 	10.7 b	8.3 	7.6 	7.9 	9.1 b	6.5 	6.6 	6.1 
A,RT_UNE,NON_HRSTU,M,IS	: 	: 	: 	: 	: 	2.1 	1.9 	2.0 	4.4 	5.1 b	6.3 	3.5 b	3.9 	3.2 	4.4 	11.7 	11.3 	10.2 b	8.7 	8.1 	7.1 b	5.6 	4.4 	3.9 	3.8 	5.5 	7.7 b	8.0 b	5.9 	5.0 	4.7 
A,RT_UNE,NON_HRSTU,M,IT	10.5 	11.0 	11.3 	11.5 	11.4 b	10.7 	10.4 	9.4 	8.9 	8.7 	8.1 b	7.8 b	7.0 	6.4 	7.2 	8.7 	9.7 	9.9 b	12.9 	15.3 	15.7 b	15.2 	14.7 	13.9 	13.2 b	12.3 	11.5 	11.6 b	9.7 	9.4 	8.1 
A,RT_UNE,NON_HRSTU,M,LT	: 	: 	: 	: 	19.1 b	19.2 	23.0 b	23.1 	15.9 b	14.7 	12.0 	10.0 b	7.3 	5.3 	7.8 	21.8 	27.6 	23.7 b	20.1 	18.0 	17.2 b	14.5 	13.0 	12.1 	9.8 	10.0 	13.3 	10.6 b	9.1 	10.6 	11.1 
A,RT_UNE,NON_HRSTU,M,LU	3.6 	2.9 	3.5 	2.4 	: 	2.5 	2.6 	2.0 u	2.3 	3.6 b	4.9 	4.4 b	4.8 	4.6 b	6.6 	6.2 b	5.6 	5.8 b	7.4 	8.7 	10.2 b	9.5 b	9.4 	8.6 	8.1 	9.7 	11.4 	8.8 b	7.4 	7.7 	12.4 
A,RT_UNE,NON_HRSTU,M,LV	: 	: 	: 	: 	18.1 b	16.8 	18.1 	18.0 	18.2 b	14.5 	13.4 	12.2 b	9.0 	7.9 	10.6 	26.6 	28.2 	23.3 b	20.7 	16.5 	15.4 b	14.6 	14.3 	13.1 	11.0 	9.4 	11.7 	11.2 b	11.0 	10.7 	11.1 
A,RT_UNE,NON_HRSTU,M,ME	: 	: 	: 	: 	: 	: 	: 	: 	: 	: 	: 	: 	: 	: 	: 	: 	: 	23.1 b	24.9 	25.8 	22.7 b	22.2 	22.1 	18.3 	18.0 	16.6 	20.5 	: 	: 	: 	: 
A,RT_UNE,NON_HRSTU,M,MK	: 	: 	: 	: 	: 	: 	: 	: 	: 	: 	: 	: 	39.7 	39.0 	37.3 	35.6 	35.8 	36.2 b	36.2 	32.6 	30.8 b	29.9 	27.3 	25.9 	24.2 	18.5 	19.3 	20.0 b	18.9 	17.8 	17.0 
A,RT_UNE,NON_HRSTU,M,MT	: 	: 	: 	: 	: 	: 	8.0 	8.5 	8.0 	7.7 	8.7 b	8.0 b	7.8 	7.5 	7.5 	8.5 	8.8 	8.3 b	7.9 	8.5 	8.6 b	7.8 	6.4 	5.5 	6.0 	5.2 	6.4 	6.2 b	5.2 	5.1 	4.6 
A,RT_UNE,NON_HRSTU,M,NL	: 	: 	6.9 	5.8 	4.9 b	3.8 	2.9 	2.3 	3.0 	4.6 	6.0 	7.1 b	5.7 b	4.7 	4.3 	5.5 	6.5 	6.9 b	8.4 	11.0 b	11.1 b	10.1 	8.6 	6.8 	5.7 	5.3 b	5.9 	6.3 b	5.2 	5.4 	5.6 
A,RT_UNE,NON_HRSTU,M,NO	: 	: 	6.0 	5.4 	4.2 b	4.0 	4.5 	4.9 	5.1 	6.0 b	6.1 	6.4 b	4.8 b	3.6 	4.0 	5.2 	5.8 	5.3 b	5.1 	5.5 	6.0 b	7.2 	8.2 	7.1 	6.2 	6.1 	7.0 	7.4 b	5.7 	5.9 	6.2 
A,RT_UNE,NON_HRSTU,M,PL	: 	: 	: 	10.9 	10.0 b	13.9 	17.2 b	20.3 b	22.9 	22.6 b	22.1 b	20.0 b	15.7 	11.0 	7.8 	9.4 	11.5 b	11.2 b	11.7 	12.2 	11.0 b	9.5 	8.0 	6.5 	5.1 	3.9 b	4.0 	4.7 b	4.0 	4.0 	4.0 
A,RT_UNE,NON_HRSTU,M,PT	6.8 	7.3 	7.2 	6.7 	4.3 b	4.6 	3.4 	3.3 	4.4 	5.8 	6.4 b	7.6 b	7.5 	7.5 	7.4 	10.2 	11.5 	14.6 b	18.6 	19.5 	17.0 b	15.2 	13.8 	10.5 	8.3 	7.2 	8.0 	7.8 b	7.4 	7.9 	7.8 
A,RT_UNE,NON_HRSTU,M,RO	: 	: 	: 	6.1 	6.6 b	7.9 	8.5 	8.0 	9.8 b	8.3 b	10.3 	8.8 b	9.4 	8.3 	7.7 	8.7 	8.5 b	8.8 b	8.2 	8.5 	8.0 b	8.7 	7.7 	6.5 	5.5 	5.1 	6.3 	7.2 b	7.4 	7.2 	7.0 
A,RT_UNE,NON_HRSTU,M,RS	: 	: 	: 	: 	: 	: 	: 	: 	: 	: 	: 	: 	: 	: 	: 	: 	21.4 	23.8 b	25.0 	23.7 	21.3 b	19.0 	16.5 	14.6 	14.0 	11.5 	9.9 	12.2 b	11.2 	11.2 	10.2 
A,RT_UNE,NON_HRSTU,M,SE	: 	11.6 	12.1 	15.4 	13.6 b	11.6 	8.3 	7.3 b	7.3 	8.2 	9.8 	10.5 b	9.7 b	8.3 	8.6 	12.7 	12.7 	11.5 b	12.2 	12.5 	12.5 b	11.5 	11.4 	10.8 	10.1 b	10.8 	13.5 	14.5 b	12.5 	13.1 	14.3 
A,RT_UNE,NON_HRSTU,M,SI	: 	: 	8.9 	7.8 	8.9 b	9.1 	8.8 	6.9 	7.3 	7.5 	7.4 	7.8 b	6.5 	5.0 	5.0 	7.8 	9.8 	10.7 b	11.1 	12.6 	12.1 b	10.8 	9.6 	7.5 	6.3 	5.6 	6.1 	5.9 b	5.2 	4.9 b	5.1 
A,RT_UNE,NON_HRSTU,M,SK	: 	: 	: 	: 	14.7 b	19.6 b	23.6 	24.5 b	23.0 	21.0 b	21.7 	19.5 b	15.8 	12.6 	10.6 	14.4 	17.8 	17.3 b	16.8 	17.5 	16.2 b	13.0 	10.9 	10.2 	8.1 	7.5 	8.4 	9.2 b	8.4 	8.3 	6.9 
A,RT_UNE,NON_HRSTU,M,TR	: 	: 	: 	: 	: 	: 	: 	: 	: 	: 	: 	: 	9.4 	9.6 	10.5 	13.8 	11.4 	9.0 b	8.3 b	8.6 	9.8 b	10.1 	10.3 	10.1 	10.2 	13.7 	13.7 	11.7 b	9.7 	8.5 	7.9 
A,RT_UNE,NON_HRSTU,M,UK	14.7 	13.0 	12.4 	10.6 	: 	9.1 b	8.3 	7.1 b	7.4 	7.2 	6.6 b	6.9 b	7.8 	7.7 b	8.5 b	11.8 	12.1 b	13.3 b	12.9 	12.3 	10.1 b	8.6 	7.8 	7.0 	6.3 	6.1 	: 	: 	: 	: 	: 
A,RT_UNE,NON_HRSTU,T,AT	: 	5.4 	6.6 	6.5 	7.1 b	6.1 	6.1 	5.3 	6.6 	6.3 	8.4 b	7.9 b	7.4 b	6.8 b	5.9 	7.6 	6.9 	6.6 b	7.3 	7.8 	8.2 b	8.4 	9.2 	8.6 	7.3 	6.8 	8.4 	9.6 b	7.4 	8.1 	8.1 
A,RT_UNE,NON_HRSTU,T,BA	: 	: 	: 	: 	: 	: 	: 	: 	: 	: 	: 	: 	: 	: 	: 	: 	: 	: 	: 	: 	: 	: 	: 	: 	: 	: 	: 	20.8 b	18.5 	16.0 	15.6 
A,RT_UNE,NON_HRSTU,T,BE	12.9 	12.9 	13.1 	12.6 	13.2 b	12.5 b	9.6 	8.8 b	9.9 	10.9 	10.7 	12.4 b	12.1 	11.1 	10.4 b	11.7 	12.5 	10.9 b	11.6 	12.4 	13.0 b	12.9 	12.0 	10.9 b	9.3 	8.3 	8.7 	10.4 b	9.3 	9.3 	9.7 
A,RT_UNE,NON_HRSTU,T,BG	: 	: 	: 	: 	: 	: 	20.6 	25.5 b	22.9 	17.3 b	15.1 	12.9 b	11.3 b	8.9 	7.2 b	8.8 	13.2 b	14.5 b	15.7 	16.6 	15.2 b	12.3 	10.2 	8.2 	7.1 	5.6 b	6.8 	7.3 b	5.8 	6.0 	6.2 b
A,RT_UNE,NON_HRSTU,T,CH	: 	: 	5.3 	5.5 	5.0 b	4.6 	4.2 	3.8 	4.3 	6.1 	6.6 	6.8 b	6.3 	5.8 	5.5 	6.5 	7.5 b	6.5 b	6.7 	7.1 	7.3 b	7.2 	7.7 	7.2 	7.3 	6.9 	7.7 	8.1 b	6.4 	6.1 	6.6 
A,RT_UNE,NON_HRSTU,T,CY	: 	: 	: 	: 	: 	: 	6.3 	5.0 	4.1 	4.8 	5.5 	6.3 b	5.1 	4.6 	4.5 	6.4 b	7.2 	9.2 b	14.3 	19.5 	20.2 b	18.7 	16.1 	13.3 	9.9 	8.8 	9.1 	9.0 b	7.7 	7.0 	6.5 
A,RT_UNE,NON_HRSTU,T,CZ	: 	: 	: 	: 	8.0 b	11.5 	12.0 	11.1 	9.8 	10.6 b	11.6 	11.4 b	10.3 	7.8 	6.5 	10.0 	10.8 b	9.5 b	9.9 	10.0 	8.7 b	7.2 	5.6 	4.1 	3.2 	2.9 	3.7 	4.2 b	3.4 	3.8 	3.9 
A,RT_UNE,NON_HRSTU,T,DE	11.8 	11.0 	12.2 b	13.7 	: 	12.4 	11.3 	11.2 	12.4 	14.4 	15.9 	16.5 b	15.3 b	13.0 	11.5 	12.0 	10.9 b	8.9 b	8.5 b	8.2 	7.9 b	7.4 	6.6 	6.0 	5.4 	5.0 	6.0 b	5.7 b	5.0 	4.8 	5.2 
A,RT_UNE,NON_HRSTU,T,DK	10.3 	8.7 	9.0 	7.0 	6.6 b	6.8 	6.0 	5.3 	5.5 	6.8 b	6.9 	6.5 b	5.1 	5.0 b	5.3 b	9.5 	11.4 	11.2 b	11.5 	11.0 	10.1 b	8.9 	8.3 b	8.2 b	7.2 	7.1 	8.1 	7.5 b	6.6 	7.8 b	9.3 
A,RT_UNE,NON_HRSTU,T,EA21	: 	: 	: 	: 	: 	: 	: 	: 	11.8 	12.1 	12.5 	12.2 b	11.3 	10.2 	10.3 	13.1 	14.0 	14.2 b	16.0 	16.8 	16.5 b	15.4 	14.4 	13.1 	11.8 	10.9 	11.3 	11.3 b	10.0 	9.7 	9.4 
A,RT_UNE,NON_HRSTU,T,EE	: 	: 	: 	14.2 	13.1 b	15.9 	19.0 b	17.0 	13.8 	15.8 	13.9 	11.6 b	8.3 	6.6 	7.8 	20.1 	23.7 	17.2 b	14.6 	12.2 	10.5 b	9.1 	10.0 	8.7 	7.8 	6.8 	10.3 	10.1 b	8.6 	10.3 	11.7 
A,RT_UNE,NON_HRSTU,T,EL	9.9 	10.0 	10.8 	10.7 	12.3 b	13.3 	12.7 	11.7 b	11.3 	10.7 	11.8 b	11.3 b	10.2 	9.5 	8.8 	11.1 b	14.6 	20.6 b	28.6 	32.2 	31.0 b	28.7 	27.7 	25.5 	23.2 	21.3 	19.9 	18.1 b	15.7 	13.8 	12.7 
A,RT_UNE,NON_HRSTU,T,ES	26.8 b	25.2 	25.0 	23.4 	21.1 b	17.5 	15.9 	12.1 b	13.0 	13.4 	13.2 	11.1 b	10.4 b	10.5 	14.7 	23.4 	26.0 	27.8 b	32.1 	33.7 	32.1 b	29.2 	26.3 	23.5 	20.9 	19.3 	21.0 	20.6 bd	18.4 d	17.2 d	16.1 d
A,RT_UNE,NON_HRSTU,T,EU27_2020	: 	: 	: 	: 	: 	: 	: 	: 	12.6 	12.7 	13.1 	12.8 b	11.6 	10.1 	9.9 	12.5 	13.5 	13.5 b	15.0 	15.7 	15.1 b	14.1 	12.9 	11.7 	10.4 	9.7 	10.1 	10.3 b	9.2 	9.0 	8.8 
A,RT_UNE,NON_HRSTU,T,FI	: 	19.7 	17.9 	20.8 	19.2 b	17.7 	16.7 b	15.9 	15.5 	15.5 	15.2 	12.3 b	11.6 	10.1 b	9.5 b	12.6 	12.7 	12.0 b	12.1 	12.8 	13.4 b	14.2 	13.2 	13.5 	12.0 	10.9 	13.3 	12.2 b	10.9 	11.9 	13.6 
A,RT_UNE,NON_HRSTU,T,FR	16.2 	14.9 	15.7 	16.0 	15.4 b	15.5 	13.4 	11.4 	11.4 	10.8 b	11.6 	11.2 b	11.3 b	10.3 	9.8 	12.2 	12.5 	13.1 b	14.1 	14.8 b	15.3 b	15.5 	15.5 	14.6 	13.9 	13.1 	12.4 	11.9 bd	11.3 d	11.4 d	11.5 d
A,RT_UNE,NON_HRSTU,T,HR	: 	: 	: 	: 	: 	: 	: 	: 	17.9 	16.9 b	16.5 	15.6 b	13.8 b	11.9 	10.5 	11.2 	14.0 b	16.4 b	19.9 b	22.0 	22.4 b	21.0 	17.0 	14.3 	10.7 	8.3 	9.6 	9.9 b	8.6 	8.4 	6.8 
A,RT_UNE,NON_HRSTU,T,HU	: 	: 	: 	11.8 	11.7 b	9.3 	8.8 	7.6 b	7.4 	7.8 	7.8 	9.6 b	10.1 	9.9 	10.7 	13.6 	14.9 	15.1 b	15.1 	14.2 	10.7 b	9.6 	7.2 	5.8 	5.1 b	4.8 	6.1 	5.9 b	5.3 	6.1 	6.8 
A,RT_UNE,NON_HRSTU,T,IE	18.1 	15.2 	15.3 	13.4 	: 	7.7 	5.7 	4.9 	5.5 	5.7 	6.0 	5.7 b	5.7 	6.7 b	9.2 	17.2 	20.4 	22.8 b	23.6 	20.9 	18.1 b	15.3 	12.7 	10.5 b	8.7 	7.6 	8.3 	9.7 b	6.9 	6.7 	6.5 
A,RT_UNE,NON_HRSTU,T,IS	: 	: 	: 	: 	: 	2.9 	2.8 	2.6 	4.2 	5.6 b	5.4 	3.4 b	4.5 	3.4 	4.3 	10.8 	11.5 	10.4 b	9.3 	7.9 	7.0 b	5.9 	4.7 	4.3 	4.1 	5.3 	8.2 b	9.2 b	5.9 	5.6 	5.3 
A,RT_UNE,NON_HRSTU,T,IT	13.7 	14.3 	14.7 	14.9 	14.9 b	14.5 	13.8 	12.4 	12.0 	11.5 	10.4 b	10.0 b	9.0 	8.2 	9.0 	10.2 	11.0 	11.2 b	14.2 	16.2 	16.8 b	15.9 	15.8 	15.2 	14.5 b	13.6 	12.6 	13.0 b	11.2 	10.8 	9.2 
A,RT_UNE,NON_HRSTU,T,LT	: 	: 	: 	: 	18.3 b	17.8 	21.7 b	22.0 	16.7 b	16.6 	13.6 	11.3 b	7.9 	5.9 	8.3 	19.9 	25.8 	22.8 b	19.8 	17.7 	16.6 b	14.4 	12.7 	11.3 	9.7 	10.0 	13.5 	11.0 b	9.3 	11.1 	11.4 
A,RT_UNE,NON_HRSTU,T,LU	4.3 	3.8 	4.6 	3.5 	: 	3.4 	3.3 	2.3 	3.5 	4.6 b	7.0 	5.9 b	6.7 	5.4 b	7.6 	7.5 b	6.5 	7.8 b	8.6 	10.1 	10.5 b	10.6 b	10.3 	8.6 	8.9 	9.6 	11.7 	9.0 b	7.9 	9.0 	11.9 
A,RT_UNE,NON_HRSTU,T,LV	: 	: 	: 	: 	18.3 b	17.8 	18.3 	17.9 	18.2 b	15.3 	15.4 	13.1 b	9.2 	8.1 	10.8 	24.5 	26.0 	22.4 b	21.3 	16.6 	15.1 b	14.1 	14.1 	12.9 	10.8 	9.2 	11.5 	10.9 b	10.0 	9.9 	10.3 
A,RT_UNE,NON_HRSTU,T,ME	: 	: 	: 	: 	: 	: 	: 	: 	: 	: 	: 	: 	: 	: 	: 	: 	: 	25.1 b	26.2 	26.4 	24.1 b	22.8 	22.4 	20.1 	19.0 	18.7 	22.1 	: 	: 	: 	: 
A,RT_UNE,NON_HRSTU,T,MK	: 	: 	: 	: 	: 	: 	: 	: 	: 	: 	: 	: 	41.3 	40.2 	38.2 	36.5 	36.3 	35.9 b	35.8 	32.5 	31.4 b	29.4 	26.9 	25.3 	23.5 	19.9 	19.1 	19.4 b	18.2 	17.5 	16.0 
A,RT_UNE,NON_HRSTU,T,MT	: 	: 	: 	: 	: 	: 	8.2 	9.2 	8.9 	9.4 	9.6 b	9.0 b	9.0 	8.7 	8.3 	9.4 	9.5 	9.1 b	8.9 	8.8 	8.2 b	8.0 	7.0 	5.9 	5.9 	5.6 	6.8 	6.0 b	4.7 	4.9 	4.7 
A,RT_UNE,NON_HRSTU,T,NL	: 	: 	8.8 	7.7 	6.5 b	5.4 	3.8 	2.8 	3.5 	5.2 	6.8 	8.5 b	7.3 b	6.2 	5.4 	6.4 	7.4 	7.4 b	8.9 	11.1 b	11.6 b	10.8 	9.5 	7.7 	6.0 	5.3 b	6.2 	6.9 b	5.7 	5.7 	5.9 
A,RT_UNE,NON_HRSTU,T,NO	: 	: 	6.1 	5.7 	4.5 b	4.0 	4.3 	4.8 	5.2 	5.7 b	5.7 	6.3 b	4.9 b	3.6 	3.7 	4.5 	5.1 	5.0 b	4.7 	5.3 	5.5 b	7.0 	7.4 	6.9 	6.2 	6.0 	7.1 	7.3 b	5.5 	5.9 	6.3 
A,RT_UNE,NON_HRSTU,T,PL	: 	: 	: 	13.7 	12.6 b	15.7 	20.4 b	23.0 b	24.9 	24.5 b	24.2 b	22.7 b	17.9 	12.5 	9.2 	10.7 	12.7 b	12.7 b	13.3 	13.8 	12.4 b	10.4 	8.7 	7.1 	5.6 	4.6 b	4.5 	5.0 b	4.4 	4.5 	4.7 
A,RT_UNE,NON_HRSTU,T,PT	7.9 	8.2 	8.4 	7.7 	5.2 b	5.1 	4.3 	4.3 	5.0 	6.8 	7.2 b	8.6 b	8.7 	8.8 	8.5 	11.0 	12.7 	15.1 b	18.4 	19.4 	17.1 b	15.4 	13.8 	11.3 	8.8 	8.0 	8.5 	8.5 b	8.0 	8.5 	8.5 
A,RT_UNE,NON_HRSTU,T,RO	: 	: 	: 	6.5 	6.6 b	7.3 	8.1 	7.6 	9.6 b	8.1 b	9.1 	8.4 b	8.5 	7.6 	6.9 	8.0 	8.0 b	8.3 b	7.7 	8.0 	7.5 b	8.0 	7.1 	6.0 	5.1 	4.9 	6.2 	7.2 b	7.5 	7.4 	7.1 
A,RT_UNE,NON_HRSTU,T,RS	: 	: 	: 	: 	: 	: 	: 	: 	: 	: 	: 	: 	: 	: 	: 	: 	23.5 	24.9 b	26.0 	25.9 	22.9 b	20.5 	17.5 	15.6 	15.0 	12.4 	10.5 	13.5 b	12.3 	12.0 	10.9 
A,RT_UNE,NON_HRSTU,T,SE	: 	10.7 	11.4 	14.7 	12.5 b	10.8 	7.9 	6.7 b	7.0 	7.7 	9.4 	10.5 b	10.2 b	9.0 	9.3 	12.6 	13.1 	12.1 b	12.5 	12.8 	12.9 b	12.1 	11.6 	11.1 	10.9 b	11.9 	14.6 	16.2 b	14.3 	14.3 	15.1 
A,RT_UNE,NON_HRSTU,T,SI	: 	: 	8.9 	8.2 	9.3 b	9.5 	9.2 	7.5 	7.9 	8.6 	8.2 	8.9 b	8.2 	6.4 	5.7 	8.2 	10.0 	11.4 b	12.0 	14.1 	13.3 b	12.5 	10.7 	8.7 	7.1 	6.3 	7.4 	7.2 b	6.1 	5.4 b	5.6 
A,RT_UNE,NON_HRSTU,T,SK	: 	: 	: 	: 	16.1 b	21.0 b	25.0 	25.6 b	24.9 	22.9 b	24.6 	21.9 b	18.4 	15.1 	13.0 	16.4 	19.7 	18.5 b	18.4 	18.5 	17.3 b	15.0 	12.5 	10.9 	9.0 	8.1 	9.4 	10.1 b	9.3 	9.0 	8.3 
A,RT_UNE,NON_HRSTU,T,TR	: 	: 	: 	: 	: 	: 	: 	: 	: 	: 	: 	: 	9.4 	9.5 	10.4 	13.5 	11.4 	9.1 b	8.4 b	9.0 	10.2 b	10.6 	11.1 	10.9 	11.0 	14.4 	14.0 	12.4 b	10.6 	9.7 	9.0 
A,RT_UNE,NON_HRSTU,T,UK	12.2 	11.0 	10.5 	9.2 	: 	8.0 b	7.5 	6.3 b	6.6 	6.3 	6.2 b	6.4 b	7.3 	7.4 b	7.9 b	10.6 	11.2 b	12.6 b	12.4 	12.1 	9.9 b	8.6 	7.7 	6.8 	6.4 	6.0 	: 	: 	: 	: 	: 
A,THS_PER,HRSTU,F,AT	: 	: u	: u	4.7 u	: bu	: u	5.7 u	5.6 u	5.7 u	7.1 u	9.4 b	9.9 b	10.7 b	9.9 b	6.6 	11.1 	9.8 	11.1 b	10.6 	17.0 	27.1 b	25.1 	24.1 	23.9 	24.6 	26.1 	29.6 	32.9 b	26.4 	32.1 	32.6 
A,THS_PER,HRSTU,F,BA	: 	: 	: 	: 	: 	: 	: 	: 	: 	: 	: 	: 	: 	: 	: 	: 	: 	: 	: 	: 	: 	: 	: 	: 	: 	: 	: 	23.0 b	20.8 	18.0 	16.6 
A,THS_PER,HRSTU,F,BE	28.4 	25.9 	30.2 	28.9 	29.6 b	30.5 b	21.8 	23.5 b	26.0 	25.9 	29.0 	37.4 b	41.9 	34.0 	32.8 b	42.8 	45.6 	37.3 b	39.7 	53.1 	51.3 b	46.9 	49.1 	55.7 b	40.8 	37.7 	42.9 	47.8 b	41.5 	40.6 	42.3 
A,THS_PER,HRSTU,F,BG	: 	: 	: 	: 	: 	: 	26.1 	42.6 b	40.3 	33.7 b	29.2 	19.9 b	20.2 b	12.4 	13.0 b	15.8 	24.1 b	25.9 b	29.3 	35.8 	28.3 b	23.5 	19.7 	17.3 	13.3 	10.8 b	13.3 	10.9 b	7.8 	11.8 	10.2 b
A,THS_PER,HRSTU,F,CH	: 	: 	4.1 u	13.5 	12.3 b	8.4 u	5.0 u	8.8 u	7.7 	10.5 	12.1 	14.5 b	12.6 	13.0 	12.1 	18.6 	19.0 b	21.1 b	20.9 	24.9 	25.2 b	27.5 	28.0 	37.9 	36.7 	36.0 	39.1 	36.9 b	32.3 	37.1 	42.2 
A,THS_PER,HRSTU,F,CY	: 	: 	: 	: 	: 	: 	1.4 u	1.8 	1.5 	2.4 	2.1 	3.2 b	3.4 	3.1 	2.6 	4.2 b	5.6 	7.2 b	11.1 	14.2 	14.6 b	14.0 	12.1 	11.4 	8.8 	8.1 	7.6 	8.0 b	8.1 	7.8 	6.5 
A,THS_PER,HRSTU,F,CZ	: 	: 	: 	: 	5.3 b	8.6 	9.6 	8.1 	4.6 	6.2 b	5.6 	7.9 b	8.4 	5.3 	6.3 	8.7 	11.9 b	14.1 b	16.5 	17.7 	18.7 b	16.0 	13.9 	11.4 	9.4 	7.3 	10.7 	10.2 b	6.9 	11.6 	11.8 
A,THS_PER,HRSTU,F,DE	187.8 	186.6 	183.1 b	215.8 	: 	189.5 	177.3 	164.1 	157.9 	204.8 	222.8 	235.6 b	207.7 b	180.5 	167.3 	168.2 	146.8 b	130.4 b	132.4 b	135.7 	129.2 b	124.1 	115.8 	103.6 	103.8 	103.9 	151.6 b	149.3 b	134.4 	148.8 	195.6 
A,THS_PER,HRSTU,F,DK	16.8 	18.0 	15.9 	12.2 	12.4 b	12.0 	8.8 	12.8 	14.5 	22.9 b	16.8 	18.2 b	18.6 	13.6 b	9.8 b	16.0 	20.9 	26.4 b	27.0 	24.6 	26.4 b	27.4 	26.8 b	27.4 b	28.2 	26.6 	30.9 	25.4 b	24.7 	27.0 b	37.0 
A,THS_PER,HRSTU,F,EA21	: 	: 	: 	: 	: 	: 	: 	: 	1000.2 	1062.4 	1159.4 	1164.3 b	1090.4 	1011.0 	1026.9 	1288.0 	1440.1 	1540.7 b	1815.6 	2041.4 	2041.7 b	1970.7 	1856.0 	1702.9 	1590.3 	1524.2 	1735.1 	1703.2 b	1517.0 	1550.3 	1567.1 
A,THS_PER,HRSTU,F,EE	: 	: 	: 	11.5 	6.5 b	7.6 	: bu	8.7 u	5.8 u	7.0 u	9.4 u	5.4 b	4.5 	3.2 	4.1 	8.9 	11.8 	13.2 b	9.8 	9.3 	7.5 b	6.9 	6.1 	4.9 	5.5 	4.9 	8.2 	5.6 b	6.2 	7.5 	10.5 
A,THS_PER,HRSTU,F,EL	24.7 	27.7 	30.1 	30.1 	41.1 b	48.7 	46.6 	45.5 b	47.0 	45.0 	61.8 b	63.2 b	60.0 	59.8 	52.2 	63.8 b	86.9 	123.4 b	158.3 	178.3 	171.2 b	180.9 	182.0 	169.2 	153.1 	132.9 	126.0 	119.5 b	98.3 	89.9 	77.1 
A,THS_PER,HRSTU,F,ES	342.1 b	364.6 	389.1 	390.3 	418.0 b	376.8 	341.8 	251.8 b	316.0 	290.0 	318.1 	266.1 b	255.4 b	228.1 	274.5 	396.3 	483.2 	557.6 b	689.5 	756.5 	716.5 b	674.3 	608.3 	535.0 	481.5 	483.9 	582.8 	550.5 bd	482.9 d	480.5 d	446.3 d
A,THS_PER,HRSTU,F,EU27_2020	: 	: 	: 	: 	: 	: 	: 	: 	1158.3 	1238.4 	1362.9 	1402.9 b	1313.7 	1199.6 	1198.7 	1516.2 	1702.3 	1833.8 b	2141.0 	2383.8 	2363.6 b	2250.7 	2093.3 	1902.5 	1765.1 	1704.4 	1950.2 	1903.9 b	1675.2 	1730.4 	1790.1 
A,THS_PER,HRSTU,F,FI	: 	17.4 	16.4 	16.1 	28.9 b	25.9 	27.0 b	21.3 	19.0 	18.4 	25.9 	23.4 b	20.5 	20.1 b	19.3 b	22.4 	23.6 	21.2 b	20.2 	23.9 	27.7 b	35.4 	35.8 	34.0 	28.3 	25.2 	31.8 	27.7 b	23.7 	24.4 	28.5 
A,THS_PER,HRSTU,F,FR	182.0 	198.2 	207.8 	208.4 	236.5 b	235.6 	193.2 	178.7 	187.1 	219.2 b	244.0 	241.3 b	226.2 b	221.9 	199.7 	244.9 	245.4 	254.6 b	271.4 	309.8 b	354.6 b	353.7 	345.8 	327.2 	341.5 	320.2 	349.4 	365.9 bd	341.3 d	365.7 d	378.4 d
A,THS_PER,HRSTU,F,HR	: 	: 	: 	: 	: 	: 	: 	: 	15.5 u	13.8 bu	12.8 u	10.6 bu	12.1 bu	13.0 	10.6 	14.6 	19.3 b	19.8 b	24.2 b	28.6 	26.5 b	25.0 	21.9 	18.6 	18.2 	16.6 	16.0 	14.3 b	15.6 	13.9 	11.0 
A,THS_PER,HRSTU,F,HU	: 	: 	: 	5.7 	5.4 b	3.5 u	4.2 u	4.5 bu	7.7 	5.4 	12.1 	13.7 b	12.2 	14.7 	15.3 	20.7 	22.3 	23.9 b	27.3 	25.2 	21.0 b	16.4 	11.6 	11.2 	11.1 b	11.0 	14.7 	15.4 b	12.8 	14.0 	14.7 
A,THS_PER,HRSTU,F,IE	9.9 	8.1 	9.6 	9.0 	: 	4.5 	3.9 u	3.9 u	4.6 	6.6 	6.9 	7.9 b	9.1 	12.4 b	16.9 	32.1 	36.6 	38.5 b	39.0 	39.7 	37.0 b	31.9 	27.8 	23.9 b	22.8 	19.1 	26.4 	28.8 b	23.5 	23.0 	25.6 
A,THS_PER,HRSTU,F,IS	: 	: 	: 	: 	: 	: u	: u	: u	: u	: bu	: u	: bu	: u	: u	: u	0.9 	0.8 	1.2 b	0.7 	1.3 	1.5 b	1.2 	0.7 	0.6 	0.8 	1.0 	1.5 b	1.9 b	1.2 	0.7 	1.0 
A,THS_PER,HRSTU,F,IT	76.5 	99.9 	89.4 	97.1 	106.4 b	116.0 	104.1 	99.1 	107.1 	110.6 	104.7 b	134.8 b	120.7 	109.7 	123.2 	145.5 	151.3 	148.0 b	189.1 	218.1 	242.1 b	232.0 	226.3 	227.4 	217.2 b	207.0 	195.8 	182.2 b	155.1 	151.5 	139.6 
A,THS_PER,HRSTU,F,LT	: 	: 	: 	: 	30.6 b	40.0 	33.2 b	13.6 	16.7 bu	14.8 u	16.7 u	10.5 bu	: u	6.1 u	9.1 u	13.6 	22.7 	17.0 b	17.4 	17.9 	14.9 b	14.4 	10.6 	10.4 	10.3 	10.3 	15.7 	15.1 b	14.7 	16.2 	17.0 
A,THS_PER,HRSTU,F,LU	: u	: u	: u	: u	: 	: u	: u	: u	: u	0.6 bu	1.1 	1.1 b	1.0 u	1.1 b	1.0 u	1.8 b	1.7 	1.9 b	2.0 	2.0 	2.1 b	2.8 b	1.9 	2.1 	2.8 	2.5 	3.9 	3.9 b	3.2 	3.1 u	5.0 
A,THS_PER,HRSTU,F,LV	: 	: 	: 	: 	7.6 b	6.3 	8.6 	: u	8.5 bu	: u	: u	6.9 b	6.8 	5.9 	8.1 	14.0 	19.1 	12.6 b	12.1 	13.2 	12.0 b	11.6 	9.2 	8.6 	7.4 	7.4 	10.3 	10.4 b	9.5 	7.9 	9.8 
A,THS_PER,HRSTU,F,ME	: 	: 	: 	: 	: 	: 	: 	: 	: 	: 	: 	: 	: 	: 	: 	: 	: 	4.1 b	3.5 	3.3 	3.9 b	4.3 	4.9 	4.9 	4.2 	4.4 	5.8 	: 	: 	: 	: 
A,THS_PER,HRSTU,F,MK	: 	: 	: 	: 	: 	: 	: 	: 	: 	: 	: 	: 	14.9 	16.9 	16.2 	20.1 	20.9 	26.0 b	26.7 	27.6 	25.8 b	26.0 	26.0 	27.4 	25.2 	19.1 	20.9 	11.6 b	10.9 	9.1 	11.2 
A,THS_PER,HRSTU,F,MT	: 	: 	: 	: 	: 	: 	: u	: u	: u	: u	: bu	: bu	: u	: u	: u	0.5 u	: u	0.4 bu	0.5 u	0.6 u	0.7 bu	0.8 u	0.6 u	0.7 u	0.9 u	1.5 	1.5 	1.0 bu	1.5 	1.4 u	1.2 u
A,THS_PER,HRSTU,F,NL	: 	: 	35.7 	34.7 	20.5 b	15.9 	17.5 	13.4 	14.6 	19.7 	27.6 	43.8 b	37.9 b	33.3 	32.0 	39.4 	44.1 	44.0 b	50.2 	59.7 b	61.4 b	60.7 	57.3 	47.5 	41.2 	39.5 b	50.8 	57.5 b	58.2 	62.7 	63.1 
A,THS_PER,HRSTU,F,NO	: 	: 	11.1 	9.6 	9.5 b	7.2 	7.9 	8.1 	9.9 	10.7 b	11.5 	10.0 b	7.3 b	6.7 	6.3 	8.0 	9.1 	9.0 b	7.3 	10.5 	14.2 b	15.4 	16.5 	13.5 	13.7 	13.5 	17.4 	18.8 b	14.9 	16.1 	20.4 
A,THS_PER,HRSTU,F,PL	: 	: 	: 	49.9 	25.0 b	37.2 	68.2 b	83.5 b	96.5 	111.0 b	129.2 b	144.3 b	123.8 	107.9 	92.4 	114.3 	133.3 b	152.9 b	172.8 	185.2 	162.6 b	137.3 	114.9 	87.4 	67.0 	76.2 b	76.9 	73.8 b	50.7 	54.3 	63.7 
A,THS_PER,HRSTU,F,PT	8.4 	11.5 	13.9 	9.0 	8.2 b	8.7 	8.3 	9.4 	17.5 	22.2 	18.8 b	29.0 b	32.1 	40.7 	39.9 	32.7 	41.3 	50.5 b	75.0 	91.8 	81.0 b	72.5 	67.5 	51.7 	46.3 	48.3 	48.9 	48.4 b	46.1 	45.7 	49.7 
A,THS_PER,HRSTU,F,RO	: 	: 	: 	18.7 	15.3 b	12.6 u	13.5 u	20.1 	21.2 b	13.6 bu	16.0 	24.6 b	27.1 	20.1 	20.2 	33.1 	34.7 b	39.6 b	43.9 	47.4 	50.1 b	39.7 	28.8 	19.5 	19.1 	15.0 	23.3 	18.4 b	13.3 	14.2 	21.1 
A,THS_PER,HRSTU,F,RS	: 	: 	: 	: 	: 	: 	: 	: 	: 	: 	: 	: 	: 	: 	: 	: 	40.0 	48.5 b	56.3 	62.0 	65.6 b	67.3 	63.3 	58.2 	55.9 	41.1 	38.0 	45.6 b	32.4 	39.1 	36.2 
A,THS_PER,HRSTU,F,SE	: 	21.5 	21.6 	21.9 	23.1 b	18.8 	15.3 	13.2 b	13.7 	17.0 	23.8 	29.9 b	33.2 b	27.2 	27.9 	35.4 	39.1 	36.3 b	38.0 	42.3 	42.9 b	43.2 	41.2 	42.7 	40.0 b	44.2 	58.7 	57.5 b	49.7 	58.9 	74.7 
A,THS_PER,HRSTU,F,SI	: 	: 	1.7 u	2.3 u	1.7 bu	2.4 u	2.5 u	1.7 u	2.3 u	3.7 u	3.5 u	3.7 bu	4.9 	5.2 	5.1 	4.9 	6.7 	8.0 b	12.2 	12.2 	13.5 b	12.5 	12.9 	12.6 	8.9 	7.6 	7.5 	8.7 b	6.7 	4.7 bu	5.9 
A,THS_PER,HRSTU,F,SK	: 	: 	: 	: 	5.1 b	5.1 b	5.4 	6.0 b	6.4 	8.0 b	10.2 	10.1 b	8.0 	10.2 	8.8 	10.4 	14.2 	18.1 b	21.8 	23.8 	22.5 b	21.8 	21.4 	17.3 	13.2 	10.7 	15.0 	14.7 b	12.4 	11.0 	11.1 
A,THS_PER,HRSTU,F,TR	: 	: 	: 	: 	: 	: 	: 	: 	: 	: 	: 	: 	110.3 	132.7 	157.7 	201.3 	209.2 	222.6 b	241.5 b	272.7 	331.5 b	394.6 	456.5 	538.3 	530.9 	619.1 	570.4 	641.4 b	631.1 	611.8 	600.6 
A,THS_PER,HRSTU,F,UK	98.3 	99.4 	90.7 	91.9 	: 	81.0 b	74.4 	70.8 b	78.5 	75.3 	82.4 b	98.8 b	119.3 	113.3 b	134.5 b	178.2 	202.7 b	237.8 b	256.4 	232.5 	207.9 b	199.0 	216.0 	208.1 	183.5 	184.4 	: 	: 	: 	: 	: 
A,THS_PER,HRSTU,M,AT	: 	4.1 u	5.8 u	4.4 u	4.4 bu	8.5 	7.5 u	5.7 u	6.3 u	9.0 	14.6 b	11.8 b	10.0 b	9.7 b	7.3 	9.5 	10.6 	10.1 b	9.7 	14.1 	27.2 b	30.0 	29.2 	24.3 	25.5 	22.2 	25.0 	34.2 b	28.9 	27.7 	33.8 
A,THS_PER,HRSTU,M,BA	: 	: 	: 	: 	: 	: 	: 	: 	: 	: 	: 	: 	: 	: 	: 	: 	: 	: 	: 	: 	: 	: 	: 	: 	: 	: 	: 	10.9 b	9.8 	9.1 	7.6 
A,THS_PER,HRSTU,M,BE	25.4 	20.6 	22.9 	20.0 	20.5 b	20.5 b	15.7 	20.6 b	24.0 	29.0 	27.9 	34.6 b	33.6 	31.0 	30.5 b	38.3 	39.1 	34.3 b	36.8 	43.4 	44.9 b	47.6 	39.2 	40.7 b	38.3 	35.1 	39.9 	44.1 b	40.5 	36.3 	38.5 
A,THS_PER,HRSTU,M,BG	: 	: 	: 	: 	: 	: 	20.8 	27.9 b	24.2 	19.2 b	17.0 	14.5 b	12.6 b	8.2 u	7.1 bu	9.9 	16.2 b	18.9 b	22.6 	25.2 	22.5 b	16.8 	14.5 	13.6 	10.3 	7.2 b	10.5 	8.1 b	7.9 	7.3 	7.9 b
A,THS_PER,HRSTU,M,CH	: 	: 	18.8 	24.8 	13.8 b	8.5 u	7.4 u	5.4 u	14.1 	21.1 	18.1 	17.7 b	16.5 	14.8 	14.3 	21.4 	24.5 b	21.3 b	25.0 	29.8 	33.0 b	34.9 	33.9 	34.9 	33.3 	31.2 	35.0 	34.6 b	31.2 	32.1 	35.4 
A,THS_PER,HRSTU,M,CY	: 	: 	: 	: 	: 	: 	1.0 u	0.9 u	1.0 u	1.7 	1.3 u	1.9 b	2.1 	1.6 	1.8 	2.5 b	3.4 	5.1 b	7.4 	9.8 	9.4 b	8.0 	8.1 	7.3 	6.4 	4.7 	7.1 	6.1 b	5.3 	6.2 	4.0 
A,THS_PER,HRSTU,M,CZ	: 	: 	: 	: 	6.0 b	8.8 	8.4 	7.4 	6.9 	7.5 b	8.4 	8.7 b	9.3 	7.1 	6.9 	12.1 	13.7 b	13.5 b	13.7 	13.5 	14.6 b	12.7 	9.7 	8.0 	6.5 	5.8 	8.3 	9.1 b	6.1 	6.9 	8.6 
A,THS_PER,HRSTU,M,DE	239.8 	245.5 	272.2 b	299.5 	: 	268.8 	217.9 	216.9 	215.8 	263.0 	300.8 	318.0 b	265.1 b	201.3 	178.3 	202.0 	181.3 b	139.3 b	137.8 b	143.6 	150.8 b	147.3 	151.0 	141.4 	131.6 	132.6 	190.0 b	178.9 b	141.3 	153.6 	187.6 
A,THS_PER,HRSTU,M,DK	15.8 	18.4 	13.3 	10.9 	10.4 b	9.5 	8.9 	13.4 	14.6 	18.5 b	18.8 	15.6 b	12.4 	11.3 b	9.1 b	16.3 	20.5 	19.3 b	18.3 	19.0 	19.5 b	18.9 	21.0 b	21.2 b	17.5 	20.0 	23.6 	23.3 b	19.1 	22.2 b	26.5 
A,THS_PER,HRSTU,M,EA21	: 	: 	: 	: 	: 	: 	: 	: 	781.9 	889.3 	981.4 	999.2 b	890.9 	786.6 	765.6 	1085.5 	1189.5 	1231.3 b	1431.9 	1589.8 	1601.7 b	1514.0 	1372.9 	1235.9 	1192.9 	1174.7 	1364.2 	1370.8 b	1151.1 	1162.9 	1233.8 
A,THS_PER,HRSTU,M,EE	: 	: 	: 	9.8 	3.7 b	4.1 	5.5 bu	7.4 u	: u	: u	: u	4.1 b	3.1 u	2.3 u	2.8 u	6.4 	10.9 	6.8 b	5.8 	5.5 	4.8 b	3.2 	4.0 	3.7 	3.9 	2.9 	5.1 	4.4 b	4.9 	3.6 	4.3 
A,THS_PER,HRSTU,M,EL	17.4 	18.4 	20.1 	19.7 	20.9 b	27.2 	24.2 	24.5 b	22.0 	23.6 	28.1 b	27.8 b	29.6 	29.6 	30.2 	34.1 b	47.6 	74.9 b	102.6 	122.4 	125.1 b	121.5 	100.5 	94.8 	79.3 	65.7 	73.6 	70.8 b	60.3 	51.8 	51.4 
A,THS_PER,HRSTU,M,ES	217.5 b	223.0 	241.0 	244.0 	215.1 b	187.7 	177.2 	138.0 b	157.5 	179.2 	188.6 	184.0 b	159.5 b	150.9 	192.1 	333.1 	389.3 	449.1 b	539.3 	587.3 	543.8 b	462.2 	412.0 	349.5 	330.0 	332.6 	411.7 	381.6 bd	307.1 d	301.3 d	302.8 d
A,THS_PER,HRSTU,M,EU27_2020	: 	: 	: 	: 	: 	: 	: 	: 	900.8 	1039.8 	1138.6 	1169.3 b	1055.1 	918.8 	888.8 	1267.2 	1403.7 	1438.0 b	1659.1 	1823.6 	1828.4 b	1714.9 	1551.8 	1396.3 	1338.6 	1313.2 	1526.7 	1527.0 b	1278.8 	1301.9 	1390.4 
A,THS_PER,HRSTU,M,FI	: 	21.2 	18.7 	15.2 	17.5 b	12.8 	16.6 b	14.6 	14.8 	16.7 	16.6 	15.5 b	12.6 	13.7 b	11.7 b	16.7 	20.2 	18.9 b	19.8 	22.4 	27.2 b	30.7 	29.3 	25.7 	21.0 	22.6 	22.5 	25.3 b	22.3 	22.1 	25.1 
A,THS_PER,HRSTU,M,FR	172.4 	178.6 	154.4 	178.4 	176.6 b	171.2 	150.1 	138.0 	187.8 	194.2 b	219.8 	210.4 b	214.1 b	200.4 	159.4 	219.5 	221.6 	218.0 b	247.8 	291.5 b	317.8 b	336.9 	290.6 	265.2 	301.7 	303.8 	309.2 	335.8 bd	302.0 d	326.2 d	344.9 d
A,THS_PER,HRSTU,M,HR	: 	: 	: 	: 	: 	: 	: 	: 	13.3 u	9.5 bu	12.9 u	9.3 bu	7.2 bu	9.3 u	6.9 u	8.4 u	14.1 b	15.1 b	18.3 b	19.7 	18.1 b	18.8 	13.9 	15.6 	11.3 	8.5 u	9.3 u	9.2 bu	9.7 u	6.0 u	8.6 u
A,THS_PER,HRSTU,M,HU	: 	: 	: 	3.7 u	7.6 b	4.8 u	5.1 	3.6 bu	4.1 u	4.7 u	6.0 	9.1 b	10.6 	9.6 	9.6 	15.4 	21.2 	19.0 b	20.0 	16.9 	14.4 b	11.7 	9.3 	7.6 	6.6 b	8.3 	9.5 	10.7 b	9.0 	10.6 	14.1 
A,THS_PER,HRSTU,M,IE	10.3 	9.0 	9.5 	7.9 	: 	3.8 u	3.3 u	3.6 u	6.6 	8.1 	6.8 	7.5 b	9.1 	9.7 b	14.8 	31.5 	35.5 	35.2 b	34.6 	32.4 	31.0 b	25.8 	24.8 	20.4 b	19.9 	17.7 	23.5 	27.9 b	20.0 	19.7 	23.2 
A,THS_PER,HRSTU,M,IS	: 	: 	: 	: 	: 	: u	: 	: u	: u	: bu	: u	: bu	: u	: u	: u	1.1 	1.0 	1.2 b	0.9 	0.7 	0.7 b	0.5 	: u	0.6 	0.7 	0.9 	1.5 b	1.5 b	0.9 	1.3 	1.2 
A,THS_PER,HRSTU,M,IT	47.8 	55.5 	63.6 	69.2 	69.2 b	71.4 	58.5 	58.2 	58.3 	61.7 	58.9 b	78.3 b	68.7 	58.4 	63.6 	78.4 	87.0 	80.0 b	111.6 	123.2 	143.0 b	129.0 	124.6 	123.7 	115.5 b	119.8 	109.3 	109.6 b	84.0 	87.2 	77.6 
A,THS_PER,HRSTU,M,LT	: 	: 	: 	: 	29.3 b	24.8 	33.3 b	16.5 	9.3 bu	12.1 u	11.8 u	7.8 bu	: u	: u	: u	17.3 	18.5 	16.4 b	13.0 	10.4 	9.6 b	7.9 	7.4 	7.6 	7.6 	9.0 	12.1 	13.0 b	11.2 	12.1 	15.0 
A,THS_PER,HRSTU,M,LU	0.7 u	: u	: u	: u	: 	: u	: u	: u	: u	0.7 bu	1.0 u	1.0 b	0.7 u	0.9 bu	0.6 u	1.8 b	1.5 	1.5 b	1.7 	2.2 	2.7 b	2.6 b	2.6 	1.8 	2.9 	2.9 	3.2 	2.8 b	3.1 	4.0 	4.5 
A,THS_PER,HRSTU,M,LV	: 	: 	: 	: 	6.7 b	6.9 	6.6 	: u	: bu	: u	: u	4.5 b	3.4 	3.8 	3.9 	8.9 	12.4 	8.9 b	8.5 	6.6 	5.7 b	4.8 	5.7 	4.9 	5.5 	5.8 	8.9 	7.2 b	6.5 	4.8 	5.9 
A,THS_PER,HRSTU,M,ME	: 	: 	: 	: 	: 	: 	: 	: 	: 	: 	: 	: 	: 	: 	: 	: 	: 	3.7 b	3.5 	3.5 	3.5 b	3.5 	4.7 	3.6 	3.8 	5.0 	4.8 	: 	: 	: 	: 
A,THS_PER,HRSTU,M,MK	: 	: 	: 	: 	: 	: 	: 	: 	: 	: 	: 	: 	14.0 	13.2 	14.1 	14.3 	17.2 	18.7 b	18.7 	18.2 	18.7 b	19.5 	19.6 	17.2 	16.4 	15.2 	15.0 	11.9 b	11.2 	10.4 	5.7 
A,THS_PER,HRSTU,M,MT	: 	: 	: 	: 	: 	: 	: u	: u	: 	: u	: bu	: bu	: u	: u	: u	: u	: u	: bu	0.4 u	0.6 u	0.7 bu	: u	: u	0.6 u	0.8 u	1.1 	1.7 	0.6 bu	1.3 	1.4 u	1.4 
A,THS_PER,HRSTU,M,NL	: 	: 	38.4 	33.0 	16.5 b	15.9 	15.7 	17.8 	20.9 	33.8 	42.0 	39.7 b	31.4 b	26.0 	23.4 	34.0 	40.6 	42.5 b	46.8 	62.5 b	59.6 b	57.8 	52.1 	46.2 	41.8 	41.2 b	46.2 	56.8 b	52.7 	50.6 	54.5 
A,THS_PER,HRSTU,M,NO	: 	: 	8.9 	9.4 	7.4 b	7.8 	10.3 	10.6 	10.8 	11.6 b	12.8 	10.2 b	8.1 b	6.4 	5.3 	6.5 	8.0 	7.0 b	10.4 	9.4 	10.6 b	15.1 	19.3 	14.9 	14.3 	13.5 	18.1 	16.0 b	10.5 	13.9 	18.5 
A,THS_PER,HRSTU,M,PL	: 	: 	: 	32.0 	18.9 b	28.7 	48.2 b	40.3 b	54.5 	74.5 b	78.8 b	86.3 b	80.9 	60.1 	54.7 	71.6 	87.4 b	86.8 b	100.2 	105.6 	89.6 b	82.0 	69.0 	54.5 	52.6 	48.4 b	50.1 	43.6 b	37.7 	40.9 	38.8 
A,THS_PER,HRSTU,M,PT	7.1 	11.2 	10.6 	7.2 	: bu	: u	: u	: u	: u	9.3 	12.2 b	15.9 b	14.9 	16.9 	15.9 	21.3 	20.4 	37.9 b	47.0 	44.2 	37.8 b	41.9 	41.5 	33.0 	27.4 	28.4 	39.3 	39.5 b	29.5 	32.0 	35.1 
A,THS_PER,HRSTU,M,RO	: 	: 	: 	15.4 	10.9 bu	13.6 u	22.0 	20.8 	21.7 b	20.2 b	19.4 	21.6 b	22.3 	18.9 	18.4 	31.7 	35.0 b	33.8 b	38.2 	41.8 	48.2 b	34.3 	27.3 	24.6 	19.8 	14.3 	18.3 	20.1 b	18.8 	13.8 	14.3 
A,THS_PER,HRSTU,M,RS	: 	: 	: 	: 	: 	: 	: 	: 	: 	: 	: 	: 	: 	: 	: 	: 	34.1 	43.4 b	45.7 	52.6 	44.5 b	48.5 	45.3 	40.7 	34.3 	28.4 	27.6 	27.4 b	20.8 	23.1 	25.7 
A,THS_PER,HRSTU,M,SE	: 	24.9 	29.1 	28.7 	30.5 b	29.8 	22.7 	12.4 b	17.1 	25.2 	25.8 	28.8 b	28.7 b	25.2 	24.5 	34.5 	36.5 	34.1 b	36.8 	36.8 	40.5 b	41.4 	42.7 	44.4 	42.7 b	41.6 	52.7 	49.4 b	36.9 	44.6 	54.2 
A,THS_PER,HRSTU,M,SI	: 	: 	2.0 u	1.9 u	2.2 bu	2.2 u	: u	1.4 u	1.3 u	3.0 u	1.9 u	3.1 bu	2.5 u	2.7 u	3.2 u	3.3 u	4.6 	5.7 b	5.6 	6.5 	6.0 b	6.4 	7.8 	6.1 	4.1 	3.5 u	5.0 	6.0 b	4.9 u	3.1 bu	1.9 u
A,THS_PER,HRSTU,M,SK	: 	: 	: 	: 	3.5 bu	5.7 b	8.9 	9.0 b	5.1 	5.9 b	10.2 	9.4 b	5.4 	6.1 	6.1 	8.4 	14.6 	12.5 b	14.8 	16.5 	14.0 b	14.4 	13.9 	9.8 	8.1 	7.4 	11.0 	9.0 bu	7.9 u	5.9 u	: u
A,THS_PER,HRSTU,M,TR	: 	: 	: 	: 	: 	: 	: 	: 	: 	: 	: 	: 	128.1 	134.7 	158.7 	201.4 	182.4 	191.8 b	199.2 b	219.9 	264.7 b	283.5 	357.8 	371.8 	402.4 	491.0 	500.8 	491.3 b	464.6 	385.9 	372.5 
A,THS_PER,HRSTU,M,UK	182.7 	179.8 	185.3 	141.5 	: 	130.5 b	109.4 	99.7 b	128.1 	132.0 	122.2 b	131.4 b	139.5 	135.5 b	148.5 b	241.5 	252.0 b	264.2 b	267.9 	266.0 	206.3 b	199.1 	193.6 	184.2 	180.0 	189.6 	: 	: 	: 	: 	: 
A,THS_PER,HRSTU,T,AT	: 	7.3 u	9.3 	9.2 	8.0 bu	12.4 	13.2 	11.3 	12.0 	16.0 	24.0 b	21.7 b	20.7 b	19.6 b	13.8 	20.6 	20.4 	21.2 b	20.3 	31.1 	54.3 b	55.1 	53.3 	48.2 	50.1 	48.3 	54.7 	67.1 b	55.3 	59.8 	66.4 
A,THS_PER,HRSTU,T,BA	: 	: 	: 	: 	: 	: 	: 	: 	: 	: 	: 	: 	: 	: 	: 	: 	: 	: 	: 	: 	: 	: 	: 	: 	: 	: 	: 	33.9 b	30.6 	27.1 	24.2 
A,THS_PER,HRSTU,T,BE	53.9 	46.6 	53.1 	48.9 	50.1 b	51.0 b	37.5 	44.1 b	50.0 	54.9 	56.9 	71.9 b	75.5 	64.9 	63.3 b	81.2 	84.7 	71.6 b	76.6 	96.5 	96.2 b	94.6 	88.2 	96.4 b	79.1 	72.8 	82.8 	91.9 b	81.9 	76.9 	80.8 
A,THS_PER,HRSTU,T,BG	: 	: 	: 	: 	: 	: 	46.9 	70.5 b	64.5 	52.9 b	46.3 	34.4 b	32.8 b	20.6 	20.1 b	25.7 	40.3 b	44.7 b	51.8 	60.9 	50.8 b	40.3 	34.1 	30.9 	23.6 	18.0 b	23.7 	19.0 b	15.8 	19.1 	18.1 b
A,THS_PER,HRSTU,T,CH	: 	: 	22.9 	38.3 	26.1 b	16.8 	12.4 	14.3 	21.8 	31.6 	30.3 	32.2 b	29.1 	27.8 	26.4 	40.0 	43.4 b	42.4 b	45.9 	54.7 	58.2 b	62.4 	61.9 	72.8 	70.0 	67.2 	74.0 	71.5 b	63.4 	69.2 	77.6 
A,THS_PER,HRSTU,T,CY	: 	: 	: 	: 	: 	: 	2.5 	2.7 	2.5 	4.2 	3.4 	5.1 b	5.4 	4.7 	4.3 	6.7 b	9.0 	12.3 b	18.5 	24.0 	24.0 b	22.0 	20.2 	18.7 	15.1 	12.9 	14.7 	14.1 b	13.4 	14.0 	10.5 
A,THS_PER,HRSTU,T,CZ	: 	: 	: 	: 	11.2 b	17.5 	17.9 	15.6 	11.4 	13.7 b	14.0 	16.6 b	17.8 	12.4 	13.2 	20.9 	25.6 b	27.6 b	30.1 	31.3 	33.4 b	28.8 	23.6 	19.3 	15.9 	13.1 	19.0 	19.4 b	13.0 	18.6 	20.4 
A,THS_PER,HRSTU,T,DE	427.6 	432.1 	455.3 b	515.3 	: 	458.2 	395.2 	381.0 	373.7 	467.8 	523.6 	553.6 b	472.8 b	381.8 	345.6 	370.1 	328.2 b	269.8 b	270.1 b	279.3 	280.0 b	271.4 	266.7 	245.0 	235.4 	236.5 	341.6 b	328.2 b	275.7 	302.4 	383.2 
A,THS_PER,HRSTU,T,DK	32.7 	36.4 	29.2 	23.1 	22.8 b	21.5 	17.7 	26.2 	29.1 	41.4 b	35.6 	33.8 b	31.0 	24.9 b	19.0 b	32.2 	41.4 	45.7 b	45.3 	43.7 	45.9 b	46.3 	47.8 b	48.6 b	45.7 	46.6 	54.4 	48.7 b	43.9 	49.2 b	63.5 
A,THS_PER,HRSTU,T,EA21	: 	: 	: 	: 	: 	: 	: 	: 	1782.1 	1951.7 	2140.8 	2163.4 b	1981.3 	1797.5 	1792.5 	2373.5 	2629.6 	2772.0 b	3247.5 	3631.2 	3643.4 b	3484.7 	3229.0 	2938.8 	2783.2 	2699.0 	3099.3 	3074.0 b	2668.2 	2713.3 	2800.9 
A,THS_PER,HRSTU,T,EE	: 	: 	: 	21.3 	10.2 b	11.7 	10.2 b	16.1 	10.0 u	10.4 	13.8 	9.5 b	7.7 	5.5 	6.9 	15.3 	22.7 	20.1 b	15.6 	14.8 	12.3 b	10.1 	10.1 	8.6 	9.5 	7.8 	13.2 	10.0 b	11.0 	11.1 	14.8 
A,THS_PER,HRSTU,T,EL	42.2 	46.2 	50.2 	49.8 	62.0 b	75.9 	70.7 	70.0 b	68.9 	68.6 	90.0 b	91.0 b	89.6 	89.4 	82.4 	98.0 b	134.4 	198.2 b	260.9 	300.7 	296.3 b	302.3 	282.5 	264.1 	232.4 	198.7 	199.6 	190.4 b	158.6 	141.7 	128.5 
A,THS_PER,HRSTU,T,ES	559.6 b	587.6 	630.1 	634.3 	633.1 b	564.6 	519.0 	389.7 b	473.5 	469.2 	506.7 	450.2 b	414.9 b	379.0 	466.6 	729.4 	872.5 	1006.8 b	1228.8 	1343.9 	1260.3 b	1136.5 	1020.3 	884.5 	811.4 	816.5 	994.5 	932.2 bd	790.0 d	781.8 d	749.1 d
A,THS_PER,HRSTU,T,EU27_2020	: 	: 	: 	: 	: 	: 	: 	: 	2059.1 	2278.3 	2501.5 	2572.2 b	2368.8 	2118.4 	2087.6 	2783.4 	3105.9 	3271.8 b	3800.1 	4207.4 	4192.0 b	3965.6 	3645.1 	3298.8 	3103.7 	3017.6 	3476.9 	3430.9 b	2954.0 	3032.3 	3180.5 
A,THS_PER,HRSTU,T,FI	: 	38.7 	35.1 	31.3 	46.4 b	38.7 	43.6 b	35.9 	33.8 	35.1 	42.5 	38.8 b	33.1 	33.8 b	31.0 b	39.1 	43.8 	40.2 b	39.9 	46.3 	54.9 b	66.1 	65.1 	59.6 	49.2 	47.8 	54.3 	52.9 b	46.0 	46.6 	53.6 
A,THS_PER,HRSTU,T,FR	354.4 	376.7 	362.2 	386.8 	413.1 b	406.8 	343.4 	316.7 	375.0 	413.5 b	463.8 	451.7 b	440.3 b	422.4 	359.1 	464.4 	467.0 	472.6 b	519.1 	601.3 b	672.4 b	690.6 	636.4 	592.4 	643.2 	624.0 	658.7 	701.7 bd	643.2 d	691.9 d	723.3 d
A,THS_PER,HRSTU,T,HR	: 	: 	: 	: 	: 	: 	: 	: 	28.8 	23.4 b	25.7 	19.8 bu	19.3 bu	22.3 	17.5 	23.0 	33.4 b	34.9 b	42.5 b	48.3 	44.6 b	43.8 	35.9 	34.2 	29.5 	25.0 	25.4 	23.5 b	25.3 	19.9 	19.6 
A,THS_PER,HRSTU,T,HU	: 	: 	: 	9.4 	13.0 b	8.3 	9.3 	8.1 b	11.8 	10.1 	18.1 	22.8 b	22.8 	24.3 	24.9 	36.1 	43.5 	43.0 b	47.3 	42.1 	35.4 b	28.1 	20.9 	18.9 	17.7 b	19.3 	24.2 	26.2 b	21.7 	24.5 	28.9 
A,THS_PER,HRSTU,T,IE	20.2 	17.1 	19.1 	16.9 	: 	8.3 	7.2 	7.5 	11.2 	14.7 	13.7 	15.4 b	18.3 	22.1 b	31.7 	63.6 	72.0 	73.7 b	73.6 	72.1 	68.0 b	57.8 	52.6 	44.3 b	42.8 	36.8 	50.0 	56.7 b	43.6 	42.7 	48.8 
A,THS_PER,HRSTU,T,IS	: 	: 	: 	: 	: 	: u	: u	: u	: u	: bu	: u	0.6 b	: u	: u	0.8 	2.0 	1.8 	2.4 b	1.6 	2.0 	2.2 b	1.7 	1.2 	1.2 	1.5 	1.9 	3.0 b	3.3 b	2.1 	2.1 	2.2 
A,THS_PER,HRSTU,T,IT	124.3 	155.4 	153.0 	166.3 	175.6 b	187.4 	162.6 	157.3 	165.4 	172.3 	163.6 b	213.1 b	189.4 	168.1 	186.9 	223.9 	238.3 	228.0 b	300.7 	341.3 	385.1 b	361.1 	350.9 	351.1 	332.7 b	326.8 	305.1 	291.8 b	239.1 	238.7 	217.2 
A,THS_PER,HRSTU,T,LT	: 	: 	: 	: 	59.9 b	64.8 	66.5 b	30.0 	26.0 b	26.9 	28.5 	18.3 bu	12.0 u	9.9 u	14.8 u	30.9 	41.2 	33.3 b	30.4 	28.3 	24.5 b	22.3 	18.0 	18.0 	17.8 	19.3 	27.7 	28.1 b	25.9 	28.3 	32.1 
A,THS_PER,HRSTU,T,LU	1.1 u	: u	: u	: u	: 	: u	: u	0.6 u	0.7 u	1.4 b	2.1 	2.1 b	1.7 	2.0 b	1.6 	3.6 b	3.2 	3.4 b	3.7 	4.2 	4.9 b	5.4 b	4.5 	3.9 	5.7 	5.4 	7.1 	6.7 b	6.3 	7.1 	9.4 
A,THS_PER,HRSTU,T,LV	: 	: 	: 	: 	14.3 b	13.2 	15.2 	: u	14.4 b	14.1 u	9.7 u	11.4 b	10.2 	9.7 	12.0 	22.9 	31.5 	21.5 b	20.6 	19.8 	17.7 b	16.4 	14.8 	13.5 	12.9 	13.2 	19.2 	17.6 b	16.1 	12.7 	15.7 
A,THS_PER,HRSTU,T,ME	: 	: 	: 	: 	: 	: 	: 	: 	: 	: 	: 	: 	: 	: 	: 	: 	: 	7.8 b	7.0 	6.8 	7.4 b	7.7 	9.5 	8.5 	8.0 	9.4 	10.6 	: 	: 	: 	: 
A,THS_PER,HRSTU,T,MK	: 	: 	: 	: 	: 	: 	: 	: 	: 	: 	: 	: 	28.8 	30.2 	30.3 	34.3 	38.1 	44.7 b	45.4 	45.8 	44.5 b	45.6 	45.6 	44.6 	41.7 	34.3 	35.9 	23.5 b	22.1 	19.6 	16.9 
A,THS_PER,HRSTU,T,MT	: 	: 	: 	: 	: 	: 	: u	: u	: u	: u	: bu	0.7 bu	0.7 u	0.7 u	0.4 u	0.8 	0.6 u	0.7 bu	0.9 	1.1 	1.3 b	1.1 	1.0 	1.3 	1.7 	2.6 	3.2 	1.6 b	2.8 	2.7 	2.7 
A,THS_PER,HRSTU,T,NL	: 	: 	74.0 	67.7 	37.0 b	31.7 	33.2 	31.2 	35.5 	53.5 	69.6 	83.5 b	69.3 b	59.4 	55.4 	73.4 	84.7 	86.5 b	97.0 	122.2 b	121.1 b	118.6 	109.4 	93.7 	83.0 	80.7 b	97.0 	114.3 b	110.9 	113.3 	117.5 
A,THS_PER,HRSTU,T,NO	: 	: 	20.0 	19.0 	16.9 b	15.0 	18.3 	18.7 	20.7 	22.3 b	24.3 	20.1 b	15.4 b	13.1 	11.6 	14.5 	17.1 	16.0 b	17.7 	19.9 	24.7 b	30.5 	35.8 	28.4 	28.1 	26.9 	35.5 	34.8 b	25.4 	30.0 	38.9 
A,THS_PER,HRSTU,T,PL	: 	: 	: 	81.9 	43.9 b	66.0 	116.4 b	123.8 b	151.0 	185.4 b	208.0 b	230.7 b	204.7 	167.9 	147.1 	185.9 	220.7 b	239.7 b	273.0 	290.8 	252.2 b	219.3 	183.9 	141.9 	119.7 	124.6 b	127.0 	117.4 b	88.5 	95.3 	102.5 
A,THS_PER,HRSTU,T,PT	15.5 	22.8 	24.5 	16.3 	12.1 b	16.0 	13.2 	13.1 	21.0 	31.5 	31.0 b	44.9 b	47.0 	57.6 	55.8 	54.0 	61.7 	88.3 b	122.1 	136.0 	118.8 b	114.5 	109.0 	84.6 	73.7 	76.6 	88.2 	87.9 b	75.5 	77.7 	84.8 
A,THS_PER,HRSTU,T,RO	: 	: 	: 	34.1 	26.1 b	26.2 	35.5 	40.9 	42.9 b	33.8 b	35.5 	46.2 b	49.3 	39.0 	38.6 	64.8 	69.6 b	73.4 b	82.1 	89.2 	98.3 b	74.0 	56.0 	44.1 	38.9 	29.3 	41.6 	38.5 b	32.1 	28.1 	35.4 
A,THS_PER,HRSTU,T,RS	: 	: 	: 	: 	: 	: 	: 	: 	: 	: 	: 	: 	: 	: 	: 	: 	74.1 	91.9 b	102.0 	114.6 	110.1 b	115.8 	108.7 	98.9 	90.2 	69.6 	65.6 	73.0 b	53.2 	62.2 	61.9 
A,THS_PER,HRSTU,T,SE	: 	46.4 	50.6 	50.5 	53.6 b	48.6 	38.1 	25.7 b	30.8 	42.2 	49.6 	58.6 b	61.8 b	52.4 	52.4 	69.9 	75.6 	70.4 b	74.8 	79.1 	83.4 b	84.5 	83.9 	87.1 	82.7 b	85.7 	111.4 	106.9 b	86.7 	103.4 	128.9 
A,THS_PER,HRSTU,T,SI	: 	: 	3.7 u	4.2 u	3.9 bu	4.6 u	3.5 u	3.1 u	3.6 u	6.7 u	5.5 u	6.7 b	7.4 	7.8 	8.3 	8.2 	11.3 	13.7 b	17.8 	18.7 	19.5 b	18.9 	20.7 	18.7 	13.0 	11.1 	12.6 	14.6 b	11.5 	7.9 b	7.8 
A,THS_PER,HRSTU,T,SK	: 	: 	: 	: 	8.6 b	10.8 b	14.3 	15.0 b	11.5 	13.9 b	20.3 	19.5 b	13.4 	16.4 	14.9 	18.8 	28.7 	30.6 b	36.6 	40.4 	36.5 b	36.1 	35.2 	27.1 	21.2 	18.2 	26.0 	23.7 b	20.3 	16.9 	17.0 
A,THS_PER,HRSTU,T,TR	: 	: 	: 	: 	: 	: 	: 	: 	: 	: 	: 	: 	238.4 	267.4 	316.4 	402.7 	391.6 	414.4 b	440.7 b	492.6 	596.1 b	678.1 	814.3 	910.1 	933.3 	1110.1 	1071.1 	1132.7 b	1095.7 	997.7 	973.1 
A,THS_PER,HRSTU,T,UK	281.0 	279.2 	276.0 	233.4 	: 	211.4 b	183.9 	170.6 b	206.7 	207.3 	204.7 b	230.2 b	258.8 	248.8 b	283.0 b	419.7 	454.7 b	502.0 b	524.4 	498.5 	414.1 b	398.1 	409.6 	392.3 	363.4 	374.0 	: 	: 	: 	: 	: 
A,THS_PER,NON_HRSTU,F,AT	: 	78.5 	82.8 	82.7 	90.3 b	76.7 	72.4 	64.7 	73.0 	69.3 	93.3 b	95.9 b	92.6 b	90.1 b	77.9 	88.0 	80.9 	79.7 b	85.6 	90.6 	83.1 b	84.5 	92.5 	82.4 	74.1 	66.7 	81.8 	98.5 b	73.0 	75.5 	73.1 
A,THS_PER,NON_HRSTU,F,BA	: 	: 	: 	: 	: 	: 	: 	: 	: 	: 	: 	: 	: 	: 	: 	: 	: 	: 	: 	: 	: 	: 	: 	: 	: 	: 	: 	97.1 b	84.6 	71.8 	75.6 
A,THS_PER,NON_HRSTU,F,BE	183.9 	185.3 	185.5 	174.7 	180.7 b	160.8 b	135.5 	102.9 b	119.6 	125.5 	133.3 	156.8 b	150.3 	144.6 	130.4 b	132.8 	143.5 	121.1 b	124.9 	131.9 	130.6 b	131.5 	124.4 	106.9 b	90.3 	79.9 	84.3 	94.1 b	88.9 	85.5 	89.6 
A,THS_PER,NON_HRSTU,F,BG	: 	: 	: 	: 	: 	: 	225.8 	263.1 b	239.4 	171.5 b	154.2 	131.7 b	129.1 b	107.1 	82.8 b	92.1 	128.5 b	131.3 b	140.0 	150.7 	134.7 b	107.4 	85.9 	75.5 	58.3 	45.2 b	53.7 	58.5 b	48.6 	48.9 	45.8 b
A,THS_PER,NON_HRSTU,F,CH	: 	: 	65.8 	53.4 	59.2 b	53.5 	48.6 	53.8 	49.5 	73.0 	77.2 	81.7 b	78.1 	74.8 	67.6 	74.1 	85.2 b	77.5 b	77.7 	79.3 	83.2 b	80.6 	84.7 	75.7 	79.2 	71.6 	75.5 	83.1 b	68.0 	62.7 	65.9 
A,THS_PER,NON_HRSTU,F,CY	: 	: 	: 	: 	: 	: 	8.3 	6.3 	4.5 	4.5 	6.4 	7.3 b	5.6 	5.0 	5.0 	6.1 b	7.2 	8.5 b	11.8 	17.1 	16.9 b	16.3 	14.7 	11.7 	9.5 	8.4 	8.6 	8.6 b	8.1 	6.8 	6.2 
A,THS_PER,NON_HRSTU,F,CZ	: 	: 	: 	: 	166.4 b	223.8 	231.8 	209.7 	188.9 	212.9 b	213.0 	215.5 b	194.0 	147.6 	120.9 	168.1 	180.9 b	165.5 b	172.3 	175.9 	153.5 b	126.5 	96.9 	74.3 	58.3 	50.0 	59.5 	71.3 b	58.2 	58.3 	61.6 
A,THS_PER,NON_HRSTU,F,DE	1390.1 	1344.4 	1368.7 b	1506.1 	: 	1343.8 	1182.7 	1140.4 	1243.0 	1381.3 	1498.6 	1767.2 b	1698.5 b	1482.0 	1279.9 	1220.7 	1072.9 b	920.7 b	847.8 b	806.1 	771.8 b	701.0 	627.8 	557.9 	476.8 	447.3 	534.8 b	478.4 b	446.2 	427.2 	450.7 
A,THS_PER,NON_HRSTU,F,DK	98.0 	91.9 	92.1 	71.5 	71.8 b	64.8 	56.3 	50.5 	42.5 	53.4 b	56.5 	52.8 b	43.2 	42.0 b	43.6 b	59.5 	67.7 	72.7 b	72.8 	73.3 	67.3 b	58.8 	58.0 b	52.8 b	43.8 	45.7 	53.3 	48.0 b	41.7 	52.2 b	62.8 
A,THS_PER,NON_HRSTU,F,EA21	: 	: 	: 	: 	: 	: 	: 	: 	5765.5 	5836.6 	5954.1 	5954.6 b	5655.0 	5123.1 	5030.7 	5867.7 	6183.9 	6199.8 b	6846.7 	7123.9 	6993.2 b	6494.3 	6123.3 	5584.8 	5003.2 	4596.7 	4550.2 	4614.1 b	4183.1 	4024.0 	3804.0 
A,THS_PER,NON_HRSTU,F,EE	: 	: 	: 	19.7 	21.2 b	24.8 	33.7 b	34.5 	22.0 	26.8 	19.9 	17.7 b	14.5 	9.4 	13.4 	25.9 	35.8 	26.1 b	20.8 	17.9 	14.8 b	14.1 	14.5 	12.8 	12.3 	11.8 	14.8 	13.4 b	11.8 	17.3 	18.1 
A,THS_PER,NON_HRSTU,F,EL	186.8 	191.1 	225.3 	216.0 	251.9 b	281.8 	265.4 	250.0 b	243.2 	234.5 	258.5 b	248.8 b	221.5 	205.0 	185.1 	217.0 b	262.4 	332.7 b	441.6 	482.8 	468.3 b	437.3 	421.4 	385.0 	355.4 	317.5 	279.1 	267.3 b	245.0 	210.2 	192.0 
A,THS_PER,NON_HRSTU,F,ES	1557.2 b	1509.4 	1465.9 	1421.9 	1334.7 b	1166.3 	1103.5 	800.7 b	900.1 	961.1 	937.1 	785.5 b	784.9 b	791.6 	1001.8 	1457.7 	1621.2 	1749.1 b	1990.1 	2089.0 	1977.5 b	1822.4 	1659.9 	1476.1 	1323.0 	1236.1 	1268.8 	1291.3 bd	1167.0 d	1098.9 d	1013.2 d
A,THS_PER,NON_HRSTU,F,EU27_2020	: 	: 	: 	: 	: 	: 	: 	: 	8062.2 	8006.4 	8089.6 	8084.2 b	7430.9 	6468.8 	6161.8 	7196.8 	7629.9 	7647.7 b	8301.4 	8584.8 	8283.8 b	7601.4 	7026.9 	6349.6 	5642.3 	5206.4 	5230.5 	5342.1 b	4854.2 	4711.0 	4516.8 
A,THS_PER,NON_HRSTU,F,FI	: 	170.7 	165.3 	163.6 	133.1 b	131.7 	125.8 b	116.9 	112.5 	109.7 	109.7 	85.8 b	83.1 	73.1 b	67.9 b	76.2 	74.7 	70.2 b	71.4 	73.3 	75.4 b	79.9 	75.2 	75.1 	68.0 	56.4 	66.4 	65.8 b	63.2 	64.4 	75.2 
A,THS_PER,NON_HRSTU,F,FR	1436.8 	1392.0 	1453.4 	1441.6 	1399.7 b	1395.0 	1250.7 	1070.4 	988.5 	923.0 b	996.8 	946.2 b	951.9 b	837.4 	784.0 	931.5 	971.9 	972.0 b	998.2 	1027.8 b	1056.5 b	1044.5 	1051.5 	1002.9 	951.2 	875.5 	777.1 	772.2 bd	721.4 d	720.7 d	719.9 d
A,THS_PER,NON_HRSTU,F,HR	: 	: 	: 	: 	: 	: 	: 	: 	125.5 	112.1 b	114.1 	102.8 b	92.1 b	84.7 	79.7 	80.8 	88.2 b	95.5 b	110.2 b	111.5 	131.6 b	122.2 	92.2 	78.1 	56.8 	39.4 	42.4 	49.0 b	48.2 	40.2 	31.2 
A,THS_PER,NON_HRSTU,F,HU	: 	: 	: 	129.3 	138.5 b	109.3 	101.1 	85.1 b	86.3 	96.7 	98.4 	129.5 b	141.5 	133.9 	137.4 	165.2 	185.4 	190.5 b	183.8 	176.6 	140.5 b	129.5 	95.5 	84.7 	71.0 b	62.2 	77.1 	78.5 b	65.9 	81.2 	87.0 
A,THS_PER,NON_HRSTU,F,IE	67.3 	56.8 	57.0 	51.5 	: 	33.0 	25.9 	21.7 	23.5 	24.0 	23.3 	25.7 b	27.2 	35.2 b	38.9 	61.4 	74.7 	83.7 b	86.5 	83.3 	71.4 b	57.9 	50.2 	42.1 b	38.8 	32.6 	35.0 	42.8 b	33.4 	30.7 	30.9 
A,THS_PER,NON_HRSTU,F,IS	: 	: 	: 	: 	: 	1.9 	1.9 	1.6 	1.8 	2.9 b	1.9 	1.4 b	1.7 	1.6 	1.7 	3.8 	4.9 	4.0 b	4.1 	3.1 	2.7 b	2.5 	2.1 	1.9 	1.6 	1.9 	3.5 b	4.2 b	2.2 	2.5 	2.3 
A,THS_PER,NON_HRSTU,F,IT	1195.9 	1246.2 	1290.4 	1310.7 	1322.3 b	1318.2 	1217.4 	1101.8 	1076.0 	1027.4 	897.9 b	848.4 b	745.1 	663.0 	737.4 	784.8 	820.4 	828.8 b	1068.0 	1176.2 	1251.9 b	1131.8 	1168.6 	1140.3 	1066.4 b	1005.1 	887.1 	948.4 b	850.4 	807.3 	665.6 
A,THS_PER,NON_HRSTU,F,LT	: 	: 	: 	: 	66.0 b	61.2 	80.6 b	101.4 	85.6 b	96.3 	70.1 	55.0 b	35.2 	26.3 	33.1 	67.2 	88.8 	79.4 b	68.8 	59.0 	53.4 b	46.1 	39.1 	31.4 	29.5 	30.2 	40.8 	33.1 b	27.5 	32.9 	32.4 
A,THS_PER,NON_HRSTU,F,LU	2.3 	2.3 	2.7 	2.2 	: 	2.0 	2.0 	1.4 u	2.5 	3.1 b	4.8 	3.9 b	4.6 	3.3 b	4.6 	4.0 b	3.3 	4.5 b	4.5 	5.1 	4.3 b	5.7 b	5.1 	3.8 	4.8 	4.5 	5.9 	4.3 b	3.9 	5.4 	5.2 
A,THS_PER,NON_HRSTU,F,LV	: 	: 	: 	: 	67.2 b	65.4 	61.9 	59.7 	60.6 b	55.9 	60.1 	45.8 b	29.7 	24.6 	31.7 	64.0 	68.2 	58.7 b	60.3 	43.6 	36.7 b	31.2 	32.5 	29.0 	24.2 	19.0 	24.0 	20.1 b	16.8 	17.5 	17.6 
A,THS_PER,NON_HRSTU,F,ME	: 	: 	: 	: 	: 	: 	: 	: 	: 	: 	: 	: 	: 	: 	: 	: 	: 	17.4 b	19.2 	17.8 	17.7 b	16.8 	15.9 	15.6 	14.4 	15.6 	16.0 	: 	: 	: 	: 
A,THS_PER,NON_HRSTU,F,MK	: 	: 	: 	: 	: 	: 	: 	: 	: 	: 	: 	: 	114.5 	110.7 	106.0 	97.4 	96.1 	88.0 b	85.4 	83.3 	82.7 b	68.3 	57.4 	53.6 	49.3 	53.0 	40.5 	34.2 b	30.0 	28.5 	25.3 
A,THS_PER,NON_HRSTU,F,MT	: 	: 	: 	: 	: 	: 	2.9 u	3.8 	3.9 	4.7 	3.8 b	3.8 b	3.9 	4.0 	3.7 	4.0 	4.0 	4.1 b	4.5 	4.0 	3.3 b	3.6 	3.8 	3.3 	2.8 	3.4 	4.2 	3.0 b	2.3 	2.7 	2.8 
A,THS_PER,NON_HRSTU,F,NL	: 	: 	215.2 	193.9 	169.6 b	147.4 	101.6 	72.2 	86.0 	119.5 	158.8 	210.5 b	191.5 b	166.7 	143.7 	156.3 	176.1 	170.9 b	202.0 	234.8 b	251.3 b	236.8 	210.5 	172.0 	125.0 	103.9 b	120.0 	145.5 b	118.7 	115.2 	120.6 
A,THS_PER,NON_HRSTU,F,NO	: 	: 	41.4 	40.8 	32.1 b	25.8 	25.6 	28.4 	32.7 	33.5 b	32.6 	37.2 b	31.1 b	21.9 	21.6 	22.0 	25.2 	26.7 b	24.0 	28.3 	27.2 b	36.4 	34.4 	34.5 	32.7 	31.5 	37.0 	37.8 b	27.6 	32.1 	33.6 
A,THS_PER,NON_HRSTU,F,PL	: 	: 	: 	956.7 	895.3 b	990.4 	1399.5 b	1535.7 b	1547.5 	1441.4 b	1395.5 b	1348.2 b	1018.3 	680.4 	519.3 	563.3 	636.1 b	649.6 b	676.8 	680.7 	588.9 b	465.6 	367.4 	292.3 	229.4 	201.2 b	179.2 	198.2 b	185.2 	179.4 	189.6 
A,THS_PER,NON_HRSTU,F,PT	157.7 	154.8 	168.3 	155.8 	122.0 b	109.5 	103.9 	110.7 	113.8 	160.5 	161.1 b	192.2 b	198.0 	207.5 	189.4 	231.8 	272.2 	289.2 b	325.8 	329.2 	281.4 b	248.9 	213.6 	187.5 	143.7 	134.6 	130.4 	128.2 b	124.0 	137.5 	135.0 
A,THS_PER,NON_HRSTU,F,RO	: 	: 	: 	309.0 	285.5 b	292.9 	337.0 	305.5 	350.7 b	278.6 b	265.1 	259.5 b	248.9 	222.2 	186.1 	223.9 	217.6 b	222.6 b	202.3 	205.5 	194.5 b	189.3 	162.2 	139.4 	116.2 	115.0 	155.3 	153.5 b	162.8 	163.0 	157.4 
A,THS_PER,NON_HRSTU,F,RS	: 	: 	: 	: 	: 	: 	: 	: 	: 	: 	: 	: 	: 	: 	: 	: 	218.8 	245.5 b	253.2 	241.2 	215.2 b	187.9 	164.5 	146.5 	140.9 	118.6 	95.5 	122.6 b	107.7 	102.3 	91.2 
A,THS_PER,NON_HRSTU,F,SE	: 	145.3 	157.1 	176.4 	136.2 b	121.6 	87.1 	75.6 b	80.7 	86.8 	106.9 	123.9 b	129.9 b	119.7 	123.8 	149.2 	158.3 	147.1 b	146.6 	148.8 	145.8 b	137.4 	123.6 	121.3 	120.4 b	135.6 	155.9 	178.5 b	157.3 	152.8 	154.4 
A,THS_PER,NON_HRSTU,F,SI	: 	: 	27.0 	28.6 	32.1 b	30.6 	28.9 	24.4 	25.4 	27.1 	26.2 	29.1 b	29.0 	22.4 	17.9 	22.9 	26.7 	30.3 b	31.6 	38.1 	35.8 b	34.0 	26.9 	23.2 	18.3 	15.9 	19.1 	16.2 b	13.6 	12.7 b	12.9 
A,THS_PER,NON_HRSTU,F,SK	: 	: 	: 	: 	136.8 b	178.0 b	213.7 	216.8 b	217.0 	198.6 b	226.3 	194.5 b	166.6 	140.1 	122.5 	142.6 	162.4 	143.3 b	152.4 	151.9 	142.7 b	137.3 	112.9 	87.9 	74.0 	63.1 	71.9 	75.5 b	71.0 	66.4 	66.1 
A,THS_PER,NON_HRSTU,F,TR	: 	: 	: 	: 	: 	: 	: 	: 	: 	: 	: 	: 	416.3 	406.8 	462.9 	645.4 	616.5 	557.9 b	514.7 b	628.8 	700.7 b	763.6 	856.3 	870.6 	908.8 	1131.3 	877.6 	908.5 b	910.7 	891.6 	844.2 
A,THS_PER,NON_HRSTU,F,UK	804.3 	752.6 	694.8 	634.3 	: 	511.9 b	495.6 	414.3 b	440.7 	407.7 	475.2 b	480.6 b	559.2 	572.8 b	591.0 b	747.0 	794.8 b	833.9 b	830.7 	815.4 	670.3 b	578.8 	508.2 	450.9 	438.2 	378.8 	: 	: 	: 	: 	: 
A,THS_PER,NON_HRSTU,M,AT	: 	81.0 	109.6 	104.0 	112.1 b	92.1 	95.5 	78.3 	102.1 	102.5 	106.1 b	105.8 b	98.4 b	90.7 b	80.3 	114.3 	102.1 	92.9 b	103.0 	109.6 	107.5 b	112.2 	124.3 	117.3 	95.8 	89.5 	107.1 	118.1 b	92.7 	105.5 	104.8 
A,THS_PER,NON_HRSTU,M,BA	: 	: 	: 	: 	: 	: 	: 	: 	: 	: 	: 	: 	: 	: 	: 	: 	: 	: 	: 	: 	: 	: 	: 	: 	: 	: 	: 	110.9 b	95.8 	82.3 	78.7 
A,THS_PER,NON_HRSTU,M,BE	162.3 	158.7 	158.5 	153.7 	165.7 b	165.7 b	117.5 	118.9 b	131.2 	156.9 	139.2 	161.6 b	157.4 	143.4 	139.7 b	165.6 	177.7 	154.1 b	167.5 	188.4 	196.5 b	195.8 	177.0 	150.4 b	131.4 	121.0 	115.3 	138.3 b	122.9 	131.8 	135.8 
A,THS_PER,NON_HRSTU,M,BG	: 	: 	: 	: 	: 	: 	283.3 	351.9 b	315.4 	233.4 b	206.0 	168.3 b	143.8 b	112.5 	96.8 b	120.2 	183.5 b	200.2 b	218.5 	224.6 	199.0 b	157.4 	127.2 	100.6 	91.4 	68.5 b	78.1 	79.3 b	62.9 	64.4 	63.5 b
A,THS_PER,NON_HRSTU,M,CH	: 	: 	56.7 	71.6 	55.5 b	51.2 	43.2 	32.1 	48.1 	65.1 	70.8 	69.5 b	61.4 	53.4 	52.2 	68.7 	82.4 b	77.5 b	79.9 	84.2 	84.4 b	83.5 	90.0 	83.4 	80.2 	75.9 	86.9 	90.6 b	70.5 	69.8 	74.9 
A,THS_PER,NON_HRSTU,M,CY	: 	: 	: 	: 	: 	: 	4.6 	3.8 	3.7 	5.4 	5.5 	7.2 b	6.0 	5.7 	5.2 	8.9 b	10.3 	13.2 b	21.3 	27.8 	28.7 b	24.5 	19.1 	16.8 	12.0 	11.3 	11.8 	11.5 b	9.6 	8.9 	8.2 
A,THS_PER,NON_HRSTU,M,CZ	: 	: 	: 	: 	123.7 b	194.5 	198.9 	180.5 	156.9 	157.2 b	191.8 	178.0 b	159.9 	116.6 	95.7 	163.1 	177.1 b	157.5 b	164.3 	161.7 	136.7 b	112.6 	90.9 	61.8 	47.3 	45.9 	58.5 	59.8 b	46.4 	57.1 	56.8 
A,THS_PER,NON_HRSTU,M,DE	1277.1 	1231.3 	1472.1 b	1677.2 	: 	1542.8 	1365.1 	1421.1 	1630.4 	1880.0 	2072.9 	2247.6 b	2072.0 b	1736.9 	1503.1 	1630.7 	1440.3 b	1183.4 b	1086.1 b	1077.7 	1035.6 b	974.1 	871.4 	810.3 	744.8 	679.5 	780.5 b	706.8 b	633.1 	609.9 	654.3 
A,THS_PER,NON_HRSTU,M,DK	91.1 	67.2 	71.3 	58.2 	47.6 b	58.3 	48.4 	41.4 	49.8 	58.9 b	58.4 	52.6 b	39.2 	39.2 b	41.6 b	90.4 	106.5 	97.3 b	95.1 	83.0 	78.8 b	71.2 	61.0 b	61.1 b	57.1 	54.7 	61.2 	57.7 b	52.7 	60.1 b	74.6 
A,THS_PER,NON_HRSTU,M,EA21	: 	: 	: 	: 	: 	: 	: 	: 	5942.4 	6180.7 	6327.3 	6282.3 b	5761.6 	5164.4 	5405.5 	7324.7 	7716.5 	7662.1 b	8617.6 	9032.0 	8693.2 b	8062.5 	7342.4 	6586.6 	5816.9 	5275.7 	5336.2 	5228.5 b	4625.7 	4541.6 	4422.9 
A,THS_PER,NON_HRSTU,M,EE	: 	: 	: 	28.8 	32.5 b	39.4 	46.5 b	37.5 	33.6 	38.6 	35.2 	26.6 b	18.8 	16.7 	17.6 	51.9 	55.4 	38.6 b	32.1 	25.9 	22.5 b	19.2 	22.6 	18.7 	15.8 	11.7 	20.4 	19.7 b	17.3 	19.2 	24.2 
A,THS_PER,NON_HRSTU,M,EL	139.1 	143.4 	137.8 	142.2 	174.9 b	185.4 	182.9 	173.1 b	162.3 	150.5 	158.5 b	153.6 b	137.0 	124.0 	120.3 	169.7 b	242.5 	350.9 b	492.6 	546.8 	509.9 b	457.3 	427.0 	377.9 	327.2 	302.7 	276.3 	220.0 b	184.6 	169.8 	159.3 
A,THS_PER,NON_HRSTU,M,ES	1775.6 b	1567.0 	1540.5 	1408.7 	1204.0 b	947.0 	846.2 	665.1 b	729.7 	785.6 	803.8 	697.9 b	641.1 b	675.6 	1127.6 	1966.5 	2146.5 	2256.8 b	2592.1 	2618.3 	2372.7 b	2097.1 	1801.0 	1556.3 	1344.6 	1195.2 	1267.6 	1252.9 bd	1122.2 d	1056.9 d	1008.4 d
A,THS_PER,NON_HRSTU,M,EU27_2020	: 	: 	: 	: 	: 	: 	: 	: 	8587.3 	8688.9 	8939.1 	8679.5 b	7808.3 	6746.1 	6728.9 	9036.9 	9588.8 	9454.2 b	10441.9 	10861.7 	10319.8 b	9541.2 	8596.1 	7624.6 	6677.9 	6053.9 	6239.2 	6184.8 b	5489.6 	5422.3 	5327.7 
A,THS_PER,NON_HRSTU,M,FI	: 	203.7 	180.2 	178.3 	151.9 b	137.9 	126.7 b	122.8 	133.7 	136.0 	123.3 	95.1 b	88.2 	76.5 b	73.2 b	105.7 	105.7 	98.3 b	95.5 	99.7 	101.8 b	106.1 	96.5 	99.2 	84.6 	79.9 	91.9 	93.0 b	80.9 	92.8 	109.3 
A,THS_PER,NON_HRSTU,M,FR	1316.7 	1169.6 	1291.2 	1326.9 	1242.3 b	1261.8 	1037.4 	843.4 	912.7 	893.1 b	944.2 	921.0 b	928.4 b	861.7 	827.2 	1061.7 	1065.9 	1044.3 b	1159.7 	1205.0 b	1283.8 b	1300.5 	1264.0 	1174.6 	1070.0 	984.7 	905.1 	886.2 bd	861.3 d	847.2 d	858.8 d
A,THS_PER,NON_HRSTU,M,HR	: 	: 	: 	: 	: 	: 	: 	: 	115.2 	113.4 b	110.8 	104.1 b	87.2 b	83.7 	67.9 	74.3 	99.9 b	125.9 b	144.3 b	153.9 	143.3 b	133.0 	103.4 	82.3 	56.6 	46.9 	57.0 	55.6 b	43.9 	45.5 	38.5 
A,THS_PER,NON_HRSTU,M,HU	: 	: 	: 	214.9 	205.3 b	163.3 	156.9 	138.8 b	131.7 	134.4 	124.7 	149.8 b	153.9 	153.9 	164.1 	216.5 	240.6 	232.5 b	242.1 	222.3 	167.4 b	150.2 	118.2 	88.1 	81.0 b	77.2 	95.2 	88.7 b	86.4 	95.5 	104.5 
A,THS_PER,NON_HRSTU,M,IE	117.8 	97.5 	96.9 	87.4 	: 	55.0 	41.1 	36.0 	41.7 	43.6 	47.6 	45.2 b	44.6 	54.4 b	82.7 	154.9 	169.4 	175.0 b	175.7 	144.5 	121.0 b	104.0 	85.2 	66.8 b	53.6 	49.4 	48.2 	55.7 b	41.5 	42.8 	39.4 
A,THS_PER,NON_HRSTU,M,IS	: 	: 	: 	: 	: 	1.2 	1.1 	1.2 	2.6 	2.9 b	3.7 	1.9 b	1.8 	2.1 	2.8 	7.1 	6.8 	6.1 b	5.0 	4.7 	4.2 b	3.4 	2.6 	2.4 	2.4 	3.4 	4.8 b	5.1 b	4.0 	3.5 	3.2 
A,THS_PER,NON_HRSTU,M,IT	1194.7 	1234.5 	1260.7 	1270.4 	1258.7 b	1168.3 	1111.4 	1009.3 	965.0 	946.1 	851.8 b	815.8 b	719.8 	649.8 	740.0 	897.8 	997.0 	1004.5 b	1322.4 	1551.2 	1599.0 b	1540.4 	1492.5 	1415.5 	1308.4 b	1205.6 	1097.3 	1126.7 b	938.0 	900.8 	780.7 
A,THS_PER,NON_HRSTU,M,LT	: 	: 	: 	: 	109.5 b	103.9 	121.9 b	146.6 	100.9 b	94.4 	72.4 	56.9 b	40.4 	28.3 	40.4 	112.6 	140.4 	115.3 b	97.6 	85.2 	80.2 b	65.6 	59.0 	53.7 	42.7 	42.4 	57.4 	43.6 b	36.6 	44.6 	47.3 
A,THS_PER,NON_HRSTU,M,LU	2.5 	2.1 	2.6 	1.7 	: 	1.7 	1.8 	1.4 u	1.8 	2.7 b	3.3 	3.1 b	3.4 	3.3 b	4.6 	3.7 b	3.1 	3.4 b	4.4 	5.1 	5.7 b	6.1 b	5.5 	5.0 	5.1 	6.1 	7.4 	5.5 b	4.5 	4.9 	7.5 
A,THS_PER,NON_HRSTU,M,LV	: 	: 	: 	: 	85.0 b	76.8 	78.8 	78.0 	77.6 b	60.8 	57.7 	51.2 b	38.0 	33.3 	44.7 	106.0 	106.0 	86.4 b	74.0 	56.9 	53.2 b	50.6 	47.9 	42.8 	35.7 	29.1 	35.5 	33.0 b	32.3 	31.2 	32.0 
A,THS_PER,NON_HRSTU,M,ME	: 	: 	: 	: 	: 	: 	: 	: 	: 	: 	: 	: 	: 	: 	: 	: 	: 	22.6 b	23.9 	24.3 	22.4 b	22.6 	22.8 	19.8 	20.1 	18.4 	21.2 	: 	: 	: 	: 
A,THS_PER,NON_HRSTU,M,MK	: 	: 	: 	: 	: 	: 	: 	: 	: 	: 	: 	: 	177.9 	176.1 	174.1 	167.1 	166.2 	162.3 b	161.7 	148.1 	141.6 b	135.0 	122.0 	115.3 	107.6 	79.0 	79.6 	69.2 b	64.3 	55.8 	55.5 
A,THS_PER,NON_HRSTU,M,MT	: 	: 	: 	: 	: 	: 	6.4 	7.3 	6.9 	6.6 	7.4 b	6.6 b	6.5 	6.1 	6.0 	7.0 	7.4 	6.6 b	6.1 	6.7 	6.9 b	6.6 	5.4 	4.7 	5.2 	4.7 	5.8 	5.8 b	5.1 	5.4 	5.0 
A,THS_PER,NON_HRSTU,M,NL	: 	: 	185.7 	156.6 	133.2 b	105.0 	81.0 	63.7 	83.8 	126.7 	158.7 	191.5 b	155.0 b	127.4 	117.7 	149.6 	170.6 	170.0 b	209.8 	273.3 b	278.4 b	251.7 	211.3 	166.5 	137.8 	124.9 b	134.8 	142.9 b	117.6 	128.4 	132.4 
A,THS_PER,NON_HRSTU,M,NO	: 	: 	45.5 	41.8 	32.9 b	30.2 	32.9 	33.9 	35.8 	44.0 b	44.1 	47.2 b	36.3 b	27.2 	31.0 	40.1 	45.1 	38.6 b	38.3 	40.1 	42.5 b	51.5 	59.3 	52.0 	45.3 	45.6 	52.0 	54.1 b	42.1 	44.0 	47.2 
A,THS_PER,NON_HRSTU,M,PL	: 	: 	: 	825.0 	755.7 b	1037.0 	1314.0 b	1548.4 b	1733.9 	1653.9 b	1621.2 b	1466.6 b	1121.3 	770.4 	544.4 	662.0 	793.4 b	769.4 b	799.4 	821.1 	725.7 b	619.4 	512.1 	409.7 	310.2 	240.4 b	246.0 	283.5 b	237.1 	227.4 	219.8 
A,THS_PER,NON_HRSTU,M,PT	146.0 	158.2 	156.1 	146.1 	102.9 b	110.7 	81.6 	80.0 	108.6 	141.1 	149.8 b	177.0 b	175.6 	175.5 	172.8 	231.6 	257.4 	311.8 b	385.7 	392.4 	325.2 b	281.8 	251.6 	192.8 	148.4 	127.3 	135.8 	128.1 b	123.5 	135.9 	131.4 
A,THS_PER,NON_HRSTU,M,RO	: 	: 	: 	310.6 	350.3 b	414.1 	443.5 	412.0 	468.4 b	387.3 b	475.9 	398.7 b	430.1 	379.8 	350.8 	392.0 	364.5 b	363.4 b	342.8 	358.3 	335.9 b	360.6 	311.7 	265.8 	224.5 	209.0 	254.9 	267.2 b	269.5 	264.5 	258.1 
A,THS_PER,NON_HRSTU,M,RS	: 	: 	: 	: 	: 	: 	: 	: 	: 	: 	: 	: 	: 	: 	: 	: 	273.9 	330.7 b	343.6 	296.7 	281.2 b	247.2 	216.2 	189.8 	181.1 	147.8 	125.4 	148.6 b	135.4 	131.3 	118.7 
A,THS_PER,NON_HRSTU,M,SE	: 	203.7 	206.9 	217.5 	190.1 b	160.1 	109.7 	103.0 b	104.2 	116.6 	139.9 	151.5 b	142.4 b	121.8 	126.9 	188.1 	190.3 	172.0 b	180.5 	183.2 	182.2 b	164.6 	159.8 	151.4 	140.8 b	151.1 	187.2 	199.3 b	171.8 	176.1 	191.0 
A,THS_PER,NON_HRSTU,M,SI	: 	: 	33.6 	30.8 	36.2 b	35.0 	34.1 	27.0 	28.4 	28.3 	28.8 	30.2 b	24.5 	19.6 	19.3 	30.0 	37.3 	39.3 b	40.1 	45.0 	42.9 b	37.5 	32.0 	25.5 	21.5 	18.7 	19.5 	17.5 b	16.0 	17.0 b	17.7 
A,THS_PER,NON_HRSTU,M,SK	: 	: 	: 	: 	160.1 b	214.8 b	262.5 	276.9 b	257.8 	235.2 b	244.3 	216.0 b	175.4 	139.2 	118.3 	162.0 	198.1 	191.1 b	188.9 	193.9 	179.7 b	141.0 	118.7 	109.0 	84.3 	76.4 	83.5 	88.4 b	79.1 	78.5 	64.6 
A,THS_PER,NON_HRSTU,M,TR	: 	: 	: 	: 	: 	: 	: 	: 	: 	: 	: 	: 	1296.9 	1345.1 	1499.8 	2005.1 	1687.6 	1351.9 b	1246.6 b	1320.1 	1545.9 b	1593.6 	1637.8 	1640.0 	1669.5 	2203.3 	2096.1 	1874.0 b	1584.5 	1385.1 	1295.8 
A,THS_PER,NON_HRSTU,M,UK	1629.6 	1419.8 	1347.6 	1143.4 	: 	814.2 b	743.5 	633.6 b	656.4 	633.4 	655.5 b	690.3 b	784.4 	769.9 b	866.8 b	1177.9 	1181.8 b	1187.5 b	1142.8 	1084.4 	877.8 b	738.5 	675.4 	598.8 	540.0 	508.3 	: 	: 	: 	: 	: 
A,THS_PER,NON_HRSTU,T,AT	: 	159.6 	192.4 	186.7 	202.4 b	168.9 	167.9 	143.0 	175.0 	171.8 	199.5 b	201.7 b	191.0 b	180.7 b	158.1 	202.3 	183.1 	172.6 b	188.5 	200.3 	190.6 b	196.7 	216.8 	199.7 	169.9 	156.3 	188.8 	216.6 b	165.8 	181.0 	177.9 
A,THS_PER,NON_HRSTU,T,BA	: 	: 	: 	: 	: 	: 	: 	: 	: 	: 	: 	: 	: 	: 	: 	: 	: 	: 	: 	: 	: 	: 	: 	: 	: 	: 	: 	208.0 b	180.4 	154.1 	154.3 
A,THS_PER,NON_HRSTU,T,BE	346.2 	344.0 	344.0 	328.4 	346.4 b	326.5 b	253.0 	221.8 b	250.8 	282.3 	272.5 	318.5 b	307.7 	288.1 	270.1 b	298.4 	321.2 	275.1 b	292.4 	320.3 	327.1 b	327.3 	301.4 	257.3 b	221.6 	200.9 	199.6 	232.5 b	211.8 	217.3 	225.4 
A,THS_PER,NON_HRSTU,T,BG	: 	: 	: 	: 	: 	: 	509.1 	615.0 b	554.8 	404.9 b	360.1 	299.9 b	272.9 b	219.6 	179.6 b	212.3 	312.0 b	331.5 b	358.5 	375.3 	333.7 b	264.9 	213.1 	176.0 	149.7 	113.8 b	131.8 	137.7 b	111.5 	113.3 	109.3 b
A,THS_PER,NON_HRSTU,T,CH	: 	: 	122.5 	125.0 	114.7 b	104.7 	91.9 	85.8 	97.5 	138.2 	148.0 	151.2 b	139.5 	128.2 	119.8 	142.8 	167.6 b	155.0 b	157.6 	163.5 	167.5 b	164.2 	174.7 	159.1 	159.5 	147.4 	162.4 	173.7 b	138.6 	132.6 	140.8 
A,THS_PER,NON_HRSTU,T,CY	: 	: 	: 	: 	: 	: 	12.9 	10.1 	8.3 	9.9 	11.9 	14.4 b	11.6 	10.7 	10.2 	15.0 b	17.4 	21.7 b	33.0 	44.8 	45.6 b	40.7 	33.8 	28.5 	21.5 	19.7 	20.4 	20.1 b	17.7 	15.7 	14.4 
A,THS_PER,NON_HRSTU,T,CZ	: 	: 	: 	: 	290.1 b	418.3 	430.7 	390.2 	345.8 	370.1 b	404.8 	393.6 b	353.9 	264.2 	216.6 	331.2 	357.9 b	322.9 b	336.6 	337.6 	290.2 b	239.2 	187.8 	136.0 	105.6 	95.9 	118.0 	131.1 b	104.6 	115.4 	118.4 
A,THS_PER,NON_HRSTU,T,DE	2667.2 	2575.7 	2840.8 b	3183.3 	: 	2886.6 	2547.8 	2561.5 	2873.3 	3261.3 	3571.5 	4014.9 b	3770.5 b	3218.9 	2783.0 	2851.4 	2513.2 b	2104.1 b	1933.8 b	1883.8 	1807.3 b	1675.0 	1499.2 	1368.1 	1221.6 	1126.9 	1315.3 b	1185.1 b	1079.3 	1037.1 	1105.0 
A,THS_PER,NON_HRSTU,T,DK	189.0 	159.1 	163.5 	129.6 	119.4 b	123.0 	104.7 	91.9 	92.4 	112.3 b	115.0 	105.4 b	82.4 	81.2 b	85.1 b	149.9 	174.3 	170.0 b	167.9 	156.3 	146.1 b	130.0 	119.1 b	113.9 b	100.9 	100.4 	114.5 	105.6 b	94.4 	112.3 b	137.4 
A,THS_PER,NON_HRSTU,T,EA21	: 	: 	: 	: 	: 	: 	: 	: 	11707.8 	12017.3 	12281.4 	12237.0 b	11416.6 	10287.5 	10436.2 	13192.5 	13900.4 	13861.9 b	15464.4 	16155.9 	15686.4 b	14556.8 	13465.6 	12171.4 	10820.1 	9872.3 	9886.4 	9842.6 b	8808.8 	8565.6 	8226.9 
A,THS_PER,NON_HRSTU,T,EE	: 	: 	: 	48.5 	53.7 b	64.2 	80.2 b	71.9 	55.6 	65.4 	55.1 	44.3 b	33.3 	26.2 	31.0 	77.8 	91.2 	64.7 b	52.9 	43.9 	37.2 b	33.2 	37.1 	31.5 	28.1 	23.5 	35.1 	33.1 b	29.1 	36.6 	42.2 
A,THS_PER,NON_HRSTU,T,EL	325.9 	334.5 	363.1 	358.2 	426.8 b	467.2 	448.3 	423.2 b	405.5 	385.1 	417.0 b	402.4 b	358.6 	328.9 	305.4 	386.8 b	504.9 	683.6 b	934.3 	1029.6 	978.1 b	894.6 	848.5 	763.0 	682.6 	620.2 	555.4 	487.3 b	429.6 	380.1 	351.3 
A,THS_PER,NON_HRSTU,T,ES	3332.8 b	3076.4 	3006.4 	2830.6 	2538.7 b	2113.3 	1949.8 	1465.8 b	1629.8 	1746.7 	1740.9 	1483.4 b	1426.0 b	1467.1 	2129.3 	3424.2 	3767.7 	4005.9 b	4582.2 	4707.3 	4350.1 b	3919.5 	3460.9 	3032.4 	2667.7 	2431.3 	2536.4 	2544.3 bd	2289.2 d	2155.7 d	2021.6 d
A,THS_PER,NON_HRSTU,T,EU27_2020	: 	: 	: 	: 	: 	: 	: 	: 	16649.5 	16695.4 	17028.7 	16763.6 b	15239.2 	13214.9 	12890.7 	16233.7 	17218.7 	17101.9 b	18743.2 	19446.5 	18603.5 b	17142.6 	15623.0 	13974.2 	12320.2 	11260.3 	11469.6 	11526.9 b	10343.8 	10133.2 	9844.5 
A,THS_PER,NON_HRSTU,T,FI	: 	374.3 	345.5 	341.9 	285.0 b	269.6 	252.5 b	239.7 	246.2 	245.7 	232.9 	180.9 b	171.3 	149.6 b	141.1 b	181.8 	180.4 	168.5 b	166.9 	173.0 	177.2 b	186.0 	171.7 	174.3 	152.6 	136.3 	158.4 	158.7 b	144.1 	157.2 	184.5 
A,THS_PER,NON_HRSTU,T,FR	2753.5 	2561.7 	2744.6 	2768.5 	2642.0 b	2656.8 	2288.1 	1913.8 	1901.2 	1816.1 b	1941.0 	1867.2 b	1880.4 b	1699.2 	1611.2 	1993.3 	2037.8 	2016.3 b	2157.9 	2232.9 b	2340.2 b	2344.9 	2315.5 	2177.5 	2021.2 	1860.2 	1682.2 	1658.4 bd	1582.7 d	1567.9 d	1578.7 d
A,THS_PER,NON_HRSTU,T,HR	: 	: 	: 	: 	: 	: 	: 	: 	240.7 	225.4 b	224.9 	206.9 b	179.4 b	168.4 	147.6 	155.0 	188.1 b	221.5 b	254.5 b	265.5 	274.9 b	255.2 	195.5 	160.4 	113.5 	86.3 	99.4 	104.6 b	92.2 	85.7 	69.6 
A,THS_PER,NON_HRSTU,T,HU	: 	: 	: 	344.3 	343.7 b	272.6 	258.0 	223.9 b	218.0 	231.1 	223.1 	279.4 b	295.4 	287.8 	301.5 	381.7 	425.9 	423.0 b	425.9 	398.9 	307.9 b	279.7 	213.6 	172.8 	152.0 b	139.4 	172.3 	167.3 b	152.3 	176.7 	191.5 
A,THS_PER,NON_HRSTU,T,IE	185.1 	154.3 	153.9 	138.8 	: 	88.0 	67.0 	57.7 	65.1 	67.6 	71.0 	71.0 b	71.8 	89.7 b	121.7 	216.3 	244.1 	258.8 b	262.2 	227.8 	192.4 b	161.9 	135.5 	108.9 b	92.4 	82.0 	83.2 	98.6 b	74.9 	73.5 	70.2 
A,THS_PER,NON_HRSTU,T,IS	: 	: 	: 	: 	: 	3.1 	3.0 	2.7 	4.4 	5.8 b	5.5 	3.3 b	3.5 	3.6 	4.5 	10.9 	11.7 	10.1 b	9.1 	7.8 	6.9 b	5.9 	4.7 	4.3 	4.0 	5.4 	8.3 b	9.3 b	6.2 	6.0 	5.5 
A,THS_PER,NON_HRSTU,T,IT	2390.6 	2480.7 	2551.1 	2581.2 	2581.0 b	2486.5 	2328.8 	2111.1 	2041.0 	1973.4 	1749.7 b	1664.2 b	1464.9 	1312.8 	1477.4 	1682.7 	1817.4 	1833.3 b	2390.4 	2727.4 	2850.9 b	2672.2 	2661.1 	2555.8 	2374.7 b	2210.7 	1984.4 	2075.0 b	1788.4 	1708.2 	1446.3 
A,THS_PER,NON_HRSTU,T,LT	: 	: 	: 	: 	175.5 b	165.1 	202.5 b	248.0 	186.4 b	190.7 	142.4 	111.9 b	75.6 	54.6 	73.5 	179.8 	229.2 	194.7 b	166.4 	144.2 	133.6 b	111.7 	98.1 	85.2 	72.2 	72.6 	98.2 	76.7 b	64.1 	77.5 	79.7 
A,THS_PER,NON_HRSTU,T,LU	4.8 	4.5 	5.3 	3.9 	: 	3.7 	3.8 	2.8 	4.3 	5.8 b	8.1 	7.0 b	8.0 	6.6 b	9.2 	7.7 b	6.4 	7.9 b	9.0 	10.2 	10.0 b	11.9 b	10.5 	8.9 	9.9 	10.5 	13.3 	9.8 b	8.4 	10.3 	12.7 
A,THS_PER,NON_HRSTU,T,LV	: 	: 	: 	: 	152.3 b	142.2 	140.8 	137.7 	138.2 b	116.8 	117.7 	97.0 b	67.8 	57.9 	76.5 	170.0 	174.2 	145.1 b	134.3 	100.5 	89.9 b	81.8 	80.4 	71.8 	59.9 	48.1 	59.5 	53.0 b	49.1 	48.7 	49.6 
A,THS_PER,NON_HRSTU,T,ME	: 	: 	: 	: 	: 	: 	: 	: 	: 	: 	: 	: 	: 	: 	: 	: 	: 	40.0 b	43.1 	42.1 	40.0 b	39.4 	38.7 	35.4 	34.5 	34.0 	37.1 	: 	: 	: 	: 
A,THS_PER,NON_HRSTU,T,MK	: 	: 	: 	: 	: 	: 	: 	: 	: 	: 	: 	: 	292.4 	286.7 	280.1 	264.5 	262.3 	250.3 b	247.1 	231.4 	224.3 b	203.4 	179.5 	169.0 	156.9 	132.0 	120.0 	103.4 b	94.3 	84.4 	80.8 
A,THS_PER,NON_HRSTU,T,MT	: 	: 	: 	: 	: 	: 	9.3 	11.1 	10.7 	11.3 	11.2 b	10.4 b	10.4 	10.1 	9.7 	11.0 	11.4 	10.7 b	10.5 	10.7 	10.2 b	10.2 	9.3 	7.9 	8.0 	8.1 	10.0 	8.7 b	7.3 	8.2 	7.8 
A,THS_PER,NON_HRSTU,T,NL	: 	: 	400.9 	350.5 	302.8 b	252.4 	182.6 	135.9 	169.8 	246.2 	317.5 	402.0 b	346.5 b	294.1 	261.3 	305.9 	346.6 	340.9 b	411.8 	508.1 b	529.6 b	488.5 	421.7 	338.6 	262.8 	228.8 b	254.8 	288.5 b	236.3 	243.7 	252.9 
A,THS_PER,NON_HRSTU,T,NO	: 	: 	86.9 	82.6 	65.0 b	56.0 	58.4 	62.3 	68.5 	77.5 b	76.7 	84.4 b	67.4 b	49.1 	52.6 	62.1 	70.3 	65.3 b	62.3 	68.4 	69.7 b	87.9 	93.7 	86.5 	78.0 	77.0 	89.0 	91.8 b	69.7 	76.1 	80.8 
A,THS_PER,NON_HRSTU,T,PL	: 	: 	: 	1781.6 	1651.0 b	2027.4 	2713.5 b	3084.1 b	3281.5 	3095.3 b	3016.7 b	2814.7 b	2139.6 	1450.9 	1063.7 	1225.2 	1429.5 b	1419.0 b	1476.2 	1501.9 	1314.6 b	1085.0 	879.5 	702.0 	539.6 	441.6 b	425.1 	481.7 b	422.3 	406.8 	409.4 
A,THS_PER,NON_HRSTU,T,PT	303.7 	312.9 	324.3 	301.9 	224.9 b	220.2 	185.5 	190.7 	222.4 	301.7 	310.9 b	369.2 b	373.6 	383.0 	362.2 	463.4 	529.5 	601.0 b	711.6 	721.6 	606.6 b	530.7 	465.1 	380.3 	292.1 	261.9 	266.3 	256.3 b	247.5 	273.4 	266.4 
A,THS_PER,NON_HRSTU,T,RO	: 	: 	: 	619.5 	635.8 b	707.0 	780.5 	717.5 	819.2 b	665.9 b	741.0 	658.2 b	679.0 	601.9 	536.9 	615.9 	582.1 b	586.0 b	545.1 	563.8 	530.3 b	550.0 	473.8 	405.2 	340.7 	324.0 	410.2 	420.7 b	432.2 	427.5 	415.5 
A,THS_PER,NON_HRSTU,T,RS	: 	: 	: 	: 	: 	: 	: 	: 	: 	: 	: 	: 	: 	: 	: 	: 	492.7 	576.2 b	596.8 	537.9 	496.4 b	435.1 	380.7 	336.3 	322.0 	266.3 	221.0 	271.2 b	243.1 	233.6 	209.9 
A,THS_PER,NON_HRSTU,T,SE	: 	349.0 	364.0 	393.9 	326.2 b	281.7 	196.8 	178.6 b	184.9 	203.4 	246.8 	275.4 b	272.3 b	241.5 	250.7 	337.3 	348.6 	319.1 b	327.1 	332.0 	328.0 b	302.0 	283.5 	272.7 	261.2 b	286.7 	343.0 	377.8 b	329.1 	328.9 	345.4 
A,THS_PER,NON_HRSTU,T,SI	: 	: 	60.6 	59.4 	68.3 b	65.6 	62.9 	51.4 	53.7 	55.4 	55.0 	59.3 b	53.4 	42.0 	37.2 	52.8 	64.1 	69.6 b	71.8 	83.1 	78.6 b	71.5 	58.9 	48.7 	39.8 	34.6 	38.6 	33.8 b	29.7 	29.6 b	30.5 
A,THS_PER,NON_HRSTU,T,SK	: 	: 	: 	: 	296.9 b	392.8 b	476.2 	493.7 b	474.8 	433.8 b	470.6 	410.5 b	342.0 	279.3 	240.8 	304.6 	360.5 	334.4 b	341.4 	345.8 	322.4 b	278.3 	231.5 	196.9 	158.3 	139.6 	155.5 	163.9 b	150.1 	145.0 	130.7 
A,THS_PER,NON_HRSTU,T,TR	: 	: 	: 	: 	: 	: 	: 	: 	: 	: 	: 	: 	1713.1 	1751.8 	1962.7 	2650.5 	2304.1 	1909.8 b	1761.4 b	1949.0 	2246.6 b	2357.3 	2494.1 	2510.7 	2578.3 	3334.6 	2973.8 	2782.5 b	2495.3 	2276.7 	2140.0 
A,THS_PER,NON_HRSTU,T,UK	2433.9 	2172.3 	2042.4 	1777.8 	: 	1326.1 b	1239.1 	1047.9 b	1097.0 	1041.1 	1130.7 b	1170.9 b	1343.6 	1342.7 b	1457.8 b	1924.9 	1976.6 b	2021.4 b	1973.5 	1899.8 	1548.0 b	1317.3 	1183.5 	1049.7 	978.2 	887.0 	: 	: 	: 	: 	: 
